case_id,mode,repetition,identical_to_monolithic,exact_match,elapsed_ns,first_partial_ns,partial_count,chunks
B-transport-000,char1,0,true,true,7467200,310000,38,59
B-transport-000,char1,1,true,true,5974200,302100,38,59
B-transport-000,char1,2,true,true,6078300,374000,38,59
B-transport-000,char1,3,true,true,43989800,313000,38,59
B-transport-000,char1,4,true,true,10845700,798000,38,59
B-transport-000,char1,5,true,true,5374000,291900,38,59
B-transport-000,char1,6,true,true,8544200,306100,38,59
B-transport-000,char1,7,true,true,13919200,909200,38,59
B-transport-000,char1,8,true,true,17347600,328300,38,59
B-transport-000,char1,9,true,true,8935100,319100,38,59
B-transport-000,char5,0,true,true,1423600,120500,9,12
B-transport-000,char5,1,true,true,2373100,923100,9,12
B-transport-000,char5,2,true,true,7343800,107700,9,12
B-transport-000,char5,3,true,true,1365900,109600,9,12
B-transport-000,char5,4,true,true,2171700,147600,9,12
B-transport-000,char5,5,true,true,2027800,113900,9,12
B-transport-000,char5,6,true,true,1637900,242400,9,12
B-transport-000,char5,7,true,true,1343800,112300,9,12
B-transport-000,char5,8,true,true,1392400,93000,9,12
B-transport-000,char5,9,true,true,1320600,104700,9,12
B-transport-000,random,0,true,true,975400,106100,7,10
B-transport-000,random,1,true,true,1076400,109800,7,10
B-transport-000,random,2,true,true,2060700,108900,7,10
B-transport-000,random,3,true,true,1021100,132900,7,10
B-transport-000,random,4,true,true,33609000,104000,7,10
B-transport-000,random,5,true,true,3349200,183500,7,10
B-transport-000,random,6,true,true,1220600,123700,7,10
B-transport-000,random,7,true,true,1095200,115500,7,10
B-transport-000,random,8,true,true,1014000,119800,7,10
B-transport-000,random,9,true,true,992900,118600,7,10
B-transport-000,monolithic,0,true,true,240800,123900,1,1
B-transport-000,monolithic,1,true,true,245000,125500,1,1
B-transport-000,monolithic,2,true,true,247300,132000,1,1
B-transport-000,monolithic,3,true,true,280200,164500,1,1
B-transport-000,monolithic,4,true,true,256800,128200,1,1
B-transport-000,monolithic,5,true,true,1818000,1684900,1,1
B-transport-000,monolithic,6,true,true,248200,132100,1,1
B-transport-000,monolithic,7,true,true,245100,130400,1,1
B-transport-000,monolithic,8,true,true,251900,127100,1,1
B-transport-000,monolithic,9,true,true,2658900,2511700,1,1
B-transport-001,char1,0,true,true,5542400,306800,38,59
B-transport-001,char1,1,true,true,6579100,300500,38,59
B-transport-001,char1,2,true,true,6584400,293100,38,59
B-transport-001,char1,3,true,true,5414000,297600,38,59
B-transport-001,char1,4,true,true,11442800,288000,38,59
B-transport-001,char1,5,true,true,6950000,321300,38,59
B-transport-001,char1,6,true,true,8687900,397400,38,59
B-transport-001,char1,7,true,true,14276100,318200,38,59
B-transport-001,char1,8,true,true,7616400,329800,38,59
B-transport-001,char1,9,true,true,27478000,2325000,38,59
B-transport-001,char5,0,true,true,4308700,105800,9,12
B-transport-001,char5,1,true,true,1555100,191800,9,12
B-transport-001,char5,2,true,true,1614900,95300,9,12
B-transport-001,char5,3,true,true,1341900,104800,9,12
B-transport-001,char5,4,true,true,3468400,149000,9,12
B-transport-001,char5,5,true,true,8920800,291000,9,12
B-transport-001,char5,6,true,true,1350500,107900,9,12
B-transport-001,char5,7,true,true,1298000,102900,9,12
B-transport-001,char5,8,true,true,1556300,96700,9,12
B-transport-001,char5,9,true,true,2045800,99600,9,12
B-transport-001,random,0,true,true,858800,136700,6,9
B-transport-001,random,1,true,true,1018000,121800,6,9
B-transport-001,random,2,true,true,806400,113700,6,9
B-transport-001,random,3,true,true,2094700,116900,6,9
B-transport-001,random,4,true,true,1240400,519400,6,9
B-transport-001,random,5,true,true,811700,124200,6,9
B-transport-001,random,6,true,true,774100,113800,6,9
B-transport-001,random,7,true,true,767700,111400,6,9
B-transport-001,random,8,true,true,783600,111400,6,9
B-transport-001,random,9,true,true,785500,113900,6,9
B-transport-001,monolithic,0,true,true,254600,130200,1,1
B-transport-001,monolithic,1,true,true,251400,135100,1,1
B-transport-001,monolithic,2,true,true,233100,122400,1,1
B-transport-001,monolithic,3,true,true,252200,127600,1,1
B-transport-001,monolithic,4,true,true,265700,148400,1,1
B-transport-001,monolithic,5,true,true,258800,133100,1,1
B-transport-001,monolithic,6,true,true,252000,133600,1,1
B-transport-001,monolithic,7,true,true,239000,128200,1,1
B-transport-001,monolithic,8,true,true,242700,126600,1,1
B-transport-001,monolithic,9,true,true,240600,126800,1,1
B-transport-002,char1,0,true,true,16198400,296400,38,59
B-transport-002,char1,1,true,true,8194600,325800,38,59
B-transport-002,char1,2,true,true,5713600,314100,38,59
B-transport-002,char1,3,true,true,9229300,319000,38,59
B-transport-002,char1,4,true,true,7309200,356700,38,59
B-transport-002,char1,5,true,true,20508600,300500,38,59
B-transport-002,char1,6,true,true,8291400,2817500,38,59
B-transport-002,char1,7,true,true,7122800,298000,38,59
B-transport-002,char1,8,true,true,8176100,2486900,38,59
B-transport-002,char1,9,true,true,8757600,336300,38,59
B-transport-002,char5,0,true,true,1309000,132600,9,12
B-transport-002,char5,1,true,true,1272000,93000,9,12
B-transport-002,char5,2,true,true,14197600,94600,9,12
B-transport-002,char5,3,true,true,1251200,102800,9,12
B-transport-002,char5,4,true,true,1254400,94600,9,12
B-transport-002,char5,5,true,true,1240000,93200,9,12
B-transport-002,char5,6,true,true,1207800,88500,9,12
B-transport-002,char5,7,true,true,1318400,88900,9,12
B-transport-002,char5,8,true,true,1604200,90400,9,12
B-transport-002,char5,9,true,true,1361200,105700,9,12
B-transport-002,random,0,true,true,795600,110200,5,6
B-transport-002,random,1,true,true,947300,82000,5,6
B-transport-002,random,2,true,true,784600,93300,5,6
B-transport-002,random,3,true,true,1372000,82800,5,6
B-transport-002,random,4,true,true,759300,95500,5,6
B-transport-002,random,5,true,true,887700,87000,5,6
B-transport-002,random,6,true,true,1005000,223500,5,6
B-transport-002,random,7,true,true,1007600,95000,5,6
B-transport-002,random,8,true,true,975900,83800,5,6
B-transport-002,random,9,true,true,4223700,95800,5,6
B-transport-002,monolithic,0,true,true,256300,142300,1,1
B-transport-002,monolithic,1,true,true,239200,126100,1,1
B-transport-002,monolithic,2,true,true,249200,125200,1,1
B-transport-002,monolithic,3,true,true,253500,129900,1,1
B-transport-002,monolithic,4,true,true,250300,128700,1,1
B-transport-002,monolithic,5,true,true,243600,123400,1,1
B-transport-002,monolithic,6,true,true,257300,138500,1,1
B-transport-002,monolithic,7,true,true,235600,123600,1,1
B-transport-002,monolithic,8,true,true,232900,119400,1,1
B-transport-002,monolithic,9,true,true,230600,120400,1,1
B-transport-003,char1,0,true,true,6101000,304700,38,59
B-transport-003,char1,1,true,true,10070700,338700,38,59
B-transport-003,char1,2,true,true,6532300,289600,38,59
B-transport-003,char1,3,true,true,7864400,336800,38,59
B-transport-003,char1,4,true,true,5695900,306300,38,59
B-transport-003,char1,5,true,true,8122800,301900,38,59
B-transport-003,char1,6,true,true,5617400,293700,38,59
B-transport-003,char1,7,true,true,10392500,298300,38,59
B-transport-003,char1,8,true,true,6296400,323400,38,59
B-transport-003,char1,9,true,true,12091900,416800,38,59
B-transport-003,char5,0,true,true,1342400,161100,9,12
B-transport-003,char5,1,true,true,1590300,284600,9,12
B-transport-003,char5,2,true,true,1294900,96800,9,12
B-transport-003,char5,3,true,true,1251000,93600,9,12
B-transport-003,char5,4,true,true,2330000,98000,9,12
B-transport-003,char5,5,true,true,1547200,94500,9,12
B-transport-003,char5,6,true,true,1287000,102300,9,12
B-transport-003,char5,7,true,true,1956600,98900,9,12
B-transport-003,char5,8,true,true,1234700,99600,9,12
B-transport-003,char5,9,true,true,1270000,92500,9,12
B-transport-003,random,0,true,true,788300,98400,5,6
B-transport-003,random,1,true,true,744600,84400,5,6
B-transport-003,random,2,true,true,743700,83400,5,6
B-transport-003,random,3,true,true,736600,82800,5,6
B-transport-003,random,4,true,true,759600,93400,5,6
B-transport-003,random,5,true,true,737000,81300,5,6
B-transport-003,random,6,true,true,997800,142300,5,6
B-transport-003,random,7,true,true,21523900,20814600,5,6
B-transport-003,random,8,true,true,776200,94800,5,6
B-transport-003,random,9,true,true,1392600,83500,5,6
B-transport-003,monolithic,0,true,true,278000,153900,1,1
B-transport-003,monolithic,1,true,true,269100,146500,1,1
B-transport-003,monolithic,2,true,true,256500,137000,1,1
B-transport-003,monolithic,3,true,true,248400,135000,1,1
B-transport-003,monolithic,4,true,true,238300,123400,1,1
B-transport-003,monolithic,5,true,true,248200,128800,1,1
B-transport-003,monolithic,6,true,true,254200,136400,1,1
B-transport-003,monolithic,7,true,true,244800,129100,1,1
B-transport-003,monolithic,8,true,true,238500,126800,1,1
B-transport-003,monolithic,9,true,true,249700,120900,1,1
B-transport-004,char1,0,true,true,6592600,333400,38,59
B-transport-004,char1,1,true,true,5715500,298300,38,59
B-transport-004,char1,2,true,true,5335100,315500,38,59
B-transport-004,char1,3,true,true,6995500,290600,38,59
B-transport-004,char1,4,true,true,6536700,1251600,38,59
B-transport-004,char1,5,true,true,11478500,311700,38,59
B-transport-004,char1,6,true,true,5718100,295200,38,59
B-transport-004,char1,7,true,true,7027700,318900,38,59
B-transport-004,char1,8,true,true,7039400,324100,38,59
B-transport-004,char1,9,true,true,6297200,322000,38,59
B-transport-004,char5,0,true,true,1435700,169200,9,12
B-transport-004,char5,1,true,true,1330700,105100,9,12
B-transport-004,char5,2,true,true,13004200,100500,9,12
B-transport-004,char5,3,true,true,1399700,192200,9,12
B-transport-004,char5,4,true,true,1290000,97800,9,12
B-transport-004,char5,5,true,true,1275600,101100,9,12
B-transport-004,char5,6,true,true,2241800,97200,9,12
B-transport-004,char5,7,true,true,1459900,107900,9,12
B-transport-004,char5,8,true,true,1405000,113200,9,12
B-transport-004,char5,9,true,true,1664700,152200,9,12
B-transport-004,random,0,true,true,1417000,378800,6,7
B-transport-004,random,1,true,true,995300,100900,6,7
B-transport-004,random,2,true,true,955900,94800,6,7
B-transport-004,random,3,true,true,934700,88400,6,7
B-transport-004,random,4,true,true,958100,92200,6,7
B-transport-004,random,5,true,true,1076500,86800,6,7
B-transport-004,random,6,true,true,1022100,100400,6,7
B-transport-004,random,7,true,true,1017400,99100,6,7
B-transport-004,random,8,true,true,1006400,96000,6,7
B-transport-004,random,9,true,true,1100200,96700,6,7
B-transport-004,monolithic,0,true,true,798600,137600,1,1
B-transport-004,monolithic,1,true,true,281600,156700,1,1
B-transport-004,monolithic,2,true,true,307000,179200,1,1
B-transport-004,monolithic,3,true,true,256600,137500,1,1
B-transport-004,monolithic,4,true,true,247100,132200,1,1
B-transport-004,monolithic,5,true,true,248200,132100,1,1
B-transport-004,monolithic,6,true,true,246500,130000,1,1
B-transport-004,monolithic,7,true,true,247400,131800,1,1
B-transport-004,monolithic,8,true,true,251100,132500,1,1
B-transport-004,monolithic,9,true,true,2229300,123100,1,1
B-transport-005,char1,0,true,true,7306300,300400,38,59
B-transport-005,char1,1,true,true,24254200,300300,38,59
B-transport-005,char1,2,true,true,6483300,319600,38,59
B-transport-005,char1,3,true,true,6367400,319700,38,59
B-transport-005,char1,4,true,true,7631400,368000,38,59
B-transport-005,char1,5,true,true,5811600,310100,38,59
B-transport-005,char1,6,true,true,9239300,309200,38,59
B-transport-005,char1,7,true,true,6014900,339600,38,59
B-transport-005,char1,8,true,true,9920500,343400,38,59
B-transport-005,char1,9,true,true,6778500,344800,38,59
B-transport-005,char5,0,true,true,1614300,101100,9,12
B-transport-005,char5,1,true,true,1647500,101900,9,12
B-transport-005,char5,2,true,true,2894400,94400,9,12
B-transport-005,char5,3,true,true,1383500,131700,9,12
B-transport-005,char5,4,true,true,1321900,101900,9,12
B-transport-005,char5,5,true,true,1355300,99800,9,12
B-transport-005,char5,6,true,true,1307300,107200,9,12
B-transport-005,char5,7,true,true,1330300,111300,9,12
B-transport-005,char5,8,true,true,1281700,98600,9,12
B-transport-005,char5,9,true,true,3450100,101600,9,12
B-transport-005,random,0,true,true,2338800,123200,5,6
B-transport-005,random,1,true,true,3914200,909100,5,6
B-transport-005,random,2,true,true,808800,104900,5,6
B-transport-005,random,3,true,true,867100,107900,5,6
B-transport-005,random,4,true,true,955900,213400,5,6
B-transport-005,random,5,true,true,820200,99700,5,6
B-transport-005,random,6,true,true,838100,102000,5,6
B-transport-005,random,7,true,true,811600,101400,5,6
B-transport-005,random,8,true,true,801500,95000,5,6
B-transport-005,random,9,true,true,813100,93800,5,6
B-transport-005,monolithic,0,true,true,277900,156500,1,1
B-transport-005,monolithic,1,true,true,249000,132500,1,1
B-transport-005,monolithic,2,true,true,249100,130100,1,1
B-transport-005,monolithic,3,true,true,245900,130100,1,1
B-transport-005,monolithic,4,true,true,247600,130500,1,1
B-transport-005,monolithic,5,true,true,244200,128400,1,1
B-transport-005,monolithic,6,true,true,241700,124600,1,1
B-transport-005,monolithic,7,true,true,243400,127900,1,1
B-transport-005,monolithic,8,true,true,244000,129800,1,1
B-transport-005,monolithic,9,true,true,2660300,135300,1,1
B-transport-006,char1,0,true,true,6853000,299100,38,59
B-transport-006,char1,1,true,true,7826800,370700,38,59
B-transport-006,char1,2,true,true,6237300,336800,38,59
B-transport-006,char1,3,true,true,6185200,368100,38,59
B-transport-006,char1,4,true,true,8287300,319600,38,59
B-transport-006,char1,5,true,true,6474500,335900,38,59
B-transport-006,char1,6,true,true,8860900,294000,38,59
B-transport-006,char1,7,true,true,6416000,482600,38,59
B-transport-006,char1,8,true,true,10665100,337800,38,59
B-transport-006,char1,9,true,true,5404800,338200,38,59
B-transport-006,char5,0,true,true,1642200,237200,9,12
B-transport-006,char5,1,true,true,3097300,113100,9,12
B-transport-006,char5,2,true,true,1451400,155500,9,12
B-transport-006,char5,3,true,true,1442900,106600,9,12
B-transport-006,char5,4,true,true,1306900,97100,9,12
B-transport-006,char5,5,true,true,1713100,98300,9,12
B-transport-006,char5,6,true,true,1270200,103800,9,12
B-transport-006,char5,7,true,true,1928900,100300,9,12
B-transport-006,char5,8,true,true,1448100,121200,9,12
B-transport-006,char5,9,true,true,1263100,101200,9,12
B-transport-006,random,0,true,true,738100,92400,5,7
B-transport-006,random,1,true,true,763300,89500,5,7
B-transport-006,random,2,true,true,737900,89000,5,7
B-transport-006,random,3,true,true,750700,89100,5,7
B-transport-006,random,4,true,true,941700,88300,5,7
B-transport-006,random,5,true,true,883800,155200,5,7
B-transport-006,random,6,true,true,794100,93500,5,7
B-transport-006,random,7,true,true,927200,93300,5,7
B-transport-006,random,8,true,true,828200,97200,5,7
B-transport-006,random,9,true,true,859500,109800,5,7
B-transport-006,monolithic,0,true,true,486000,335300,1,1
B-transport-006,monolithic,1,true,true,268500,146500,1,1
B-transport-006,monolithic,2,true,true,251600,134400,1,1
B-transport-006,monolithic,3,true,true,245900,130900,1,1
B-transport-006,monolithic,4,true,true,243200,128100,1,1
B-transport-006,monolithic,5,true,true,242600,129100,1,1
B-transport-006,monolithic,6,true,true,239100,126000,1,1
B-transport-006,monolithic,7,true,true,264100,142000,1,1
B-transport-006,monolithic,8,true,true,243400,129400,1,1
B-transport-006,monolithic,9,true,true,803500,586400,1,1
B-transport-007,char1,0,true,true,7227100,370300,38,59
B-transport-007,char1,1,true,true,7498700,364600,38,59
B-transport-007,char1,2,true,true,7029100,321900,38,59
B-transport-007,char1,3,true,true,7050600,308500,38,59
B-transport-007,char1,4,true,true,6323300,373200,38,59
B-transport-007,char1,5,true,true,11352700,348400,38,59
B-transport-007,char1,6,true,true,5950200,328700,38,59
B-transport-007,char1,7,true,true,9409400,2864700,38,59
B-transport-007,char1,8,true,true,9702600,346400,38,59
B-transport-007,char1,9,true,true,6576500,452200,38,59
B-transport-007,char5,0,true,true,1592100,167700,9,12
B-transport-007,char5,1,true,true,1243300,96400,9,12
B-transport-007,char5,2,true,true,1905800,95100,9,12
B-transport-007,char5,3,true,true,1766700,105500,9,12
B-transport-007,char5,4,true,true,1812400,434300,9,12
B-transport-007,char5,5,true,true,1479600,104800,9,12
B-transport-007,char5,6,true,true,1330800,105600,9,12
B-transport-007,char5,7,true,true,1303500,99100,9,12
B-transport-007,char5,8,true,true,1351200,122900,9,12
B-transport-007,char5,9,true,true,1311200,99100,9,12
B-transport-007,random,0,true,true,673300,96500,4,6
B-transport-007,random,1,true,true,671900,98200,4,6
B-transport-007,random,2,true,true,672500,97100,4,6
B-transport-007,random,3,true,true,671100,97700,4,6
B-transport-007,random,4,true,true,664900,95900,4,6
B-transport-007,random,5,true,true,2174000,93600,4,6
B-transport-007,random,6,true,true,705300,102800,4,6
B-transport-007,random,7,true,true,1482300,102700,4,6
B-transport-007,random,8,true,true,711100,110400,4,6
B-transport-007,random,9,true,true,673400,97300,4,6
B-transport-007,monolithic,0,true,true,253700,133300,1,1
B-transport-007,monolithic,1,true,true,250400,130600,1,1
B-transport-007,monolithic,2,true,true,257800,133100,1,1
B-transport-007,monolithic,3,true,true,252700,132700,1,1
B-transport-007,monolithic,4,true,true,282200,162900,1,1
B-transport-007,monolithic,5,true,true,830500,695500,1,1
B-transport-007,monolithic,6,true,true,485300,182200,1,1
B-transport-007,monolithic,7,true,true,301700,167000,1,1
B-transport-007,monolithic,8,true,true,260200,137300,1,1
B-transport-007,monolithic,9,true,true,254100,134800,1,1
B-transport-008,char1,0,true,true,6460100,327700,38,59
B-transport-008,char1,1,true,true,7869500,765900,38,59
B-transport-008,char1,2,true,true,6157000,352300,38,59
B-transport-008,char1,3,true,true,7375100,1510800,38,59
B-transport-008,char1,4,true,true,5339700,271000,38,59
B-transport-008,char1,5,true,true,6675100,300000,38,59
B-transport-008,char1,6,true,true,6451200,332600,38,59
B-transport-008,char1,7,true,true,5761200,318900,38,59
B-transport-008,char1,8,true,true,7597200,763800,38,59
B-transport-008,char1,9,true,true,5687400,322300,38,59
B-transport-008,char5,0,true,true,1890100,98800,9,12
B-transport-008,char5,1,true,true,1441400,138000,9,12
B-transport-008,char5,2,true,true,1401200,104100,9,12
B-transport-008,char5,3,true,true,1324800,105700,9,12
B-transport-008,char5,4,true,true,1381400,143100,9,12
B-transport-008,char5,5,true,true,1500300,99900,9,12
B-transport-008,char5,6,true,true,1550600,97800,9,12
B-transport-008,char5,7,true,true,1401700,110300,9,12
B-transport-008,char5,8,true,true,1385300,102100,9,12
B-transport-008,char5,9,true,true,1375200,104200,9,12
B-transport-008,random,0,true,true,710700,122300,4,6
B-transport-008,random,1,true,true,2314700,122400,4,6
B-transport-008,random,2,true,true,720100,125500,4,6
B-transport-008,random,3,true,true,732300,115700,4,6
B-transport-008,random,4,true,true,726000,121500,4,6
B-transport-008,random,5,true,true,703300,121800,4,6
B-transport-008,random,6,true,true,727100,116500,4,6
B-transport-008,random,7,true,true,685200,115800,4,6
B-transport-008,random,8,true,true,700100,110600,4,6
B-transport-008,random,9,true,true,872000,115800,4,6
B-transport-008,monolithic,0,true,true,335100,190300,1,1
B-transport-008,monolithic,1,true,true,248000,132400,1,1
B-transport-008,monolithic,2,true,true,254400,125600,1,1
B-transport-008,monolithic,3,true,true,239700,129100,1,1
B-transport-008,monolithic,4,true,true,233800,124900,1,1
B-transport-008,monolithic,5,true,true,240000,126300,1,1
B-transport-008,monolithic,6,true,true,236100,120400,1,1
B-transport-008,monolithic,7,true,true,283000,139300,1,1
B-transport-008,monolithic,8,true,true,257700,139100,1,1
B-transport-008,monolithic,9,true,true,310300,188700,1,1
B-transport-009,char1,0,true,true,8186100,326100,38,59
B-transport-009,char1,1,true,true,6623200,300500,38,59
B-transport-009,char1,2,true,true,7415100,369600,38,59
B-transport-009,char1,3,true,true,7072100,336300,38,59
B-transport-009,char1,4,true,true,8042100,313400,38,59
B-transport-009,char1,5,true,true,6349800,360400,38,59
B-transport-009,char1,6,true,true,7768700,470700,38,59
B-transport-009,char1,7,true,true,6616100,300600,38,59
B-transport-009,char1,8,true,true,8287800,395800,38,59
B-transport-009,char1,9,true,true,5435100,310000,38,59
B-transport-009,char5,0,true,true,1258700,106900,9,12
B-transport-009,char5,1,true,true,1241700,98500,9,12
B-transport-009,char5,2,true,true,1237900,93000,9,12
B-transport-009,char5,3,true,true,1390200,98400,9,12
B-transport-009,char5,4,true,true,1733200,90400,9,12
B-transport-009,char5,5,true,true,1365200,110100,9,12
B-transport-009,char5,6,true,true,1370800,107700,9,12
B-transport-009,char5,7,true,true,1348200,104000,9,12
B-transport-009,char5,8,true,true,1356500,103900,9,12
B-transport-009,char5,9,true,true,3017100,1737700,9,12
B-transport-009,random,0,true,true,805900,86300,5,6
B-transport-009,random,1,true,true,811800,87100,5,6
B-transport-009,random,2,true,true,809700,85300,5,6
B-transport-009,random,3,true,true,743800,80200,5,6
B-transport-009,random,4,true,true,799500,85200,5,6
B-transport-009,random,5,true,true,788400,87200,5,6
B-transport-009,random,6,true,true,1026200,82700,5,6
B-transport-009,random,7,true,true,779900,88800,5,6
B-transport-009,random,8,true,true,776200,78800,5,6
B-transport-009,random,9,true,true,781600,80200,5,6
B-transport-009,monolithic,0,true,true,261100,143300,1,1
B-transport-009,monolithic,1,true,true,248500,133300,1,1
B-transport-009,monolithic,2,true,true,309800,141800,1,1
B-transport-009,monolithic,3,true,true,251700,134000,1,1
B-transport-009,monolithic,4,true,true,295900,130100,1,1
B-transport-009,monolithic,5,true,true,311000,143700,1,1
B-transport-009,monolithic,6,true,true,253300,135800,1,1
B-transport-009,monolithic,7,true,true,297900,128800,1,1
B-transport-009,monolithic,8,true,true,301600,173900,1,1
B-transport-009,monolithic,9,true,true,439300,269200,1,1
B-transport-010,char1,0,true,true,7115300,1104500,38,59
B-transport-010,char1,1,true,true,9492000,477100,38,59
B-transport-010,char1,2,true,true,6318000,457700,38,59
B-transport-010,char1,3,true,true,8923000,335300,38,59
B-transport-010,char1,4,true,true,6624900,355200,38,59
B-transport-010,char1,5,true,true,8866000,327800,38,59
B-transport-010,char1,6,true,true,6212500,294000,38,59
B-transport-010,char1,7,true,true,8270400,558400,38,59
B-transport-010,char1,8,true,true,5850300,326100,38,59
B-transport-010,char1,9,true,true,5948000,294300,38,59
B-transport-010,char5,0,true,true,2488900,131800,9,12
B-transport-010,char5,1,true,true,1718600,155600,9,12
B-transport-010,char5,2,true,true,1405800,112700,9,12
B-transport-010,char5,3,true,true,1391600,111800,9,12
B-transport-010,char5,4,true,true,1490800,110400,9,12
B-transport-010,char5,5,true,true,1333900,117400,9,12
B-transport-010,char5,6,true,true,1322700,99600,9,12
B-transport-010,char5,7,true,true,1347100,98700,9,12
B-transport-010,char5,8,true,true,1278600,100800,9,12
B-transport-010,char5,9,true,true,1394000,102300,9,12
B-transport-010,random,0,true,true,3489200,112600,7,7
B-transport-010,random,1,true,true,1212900,158700,7,7
B-transport-010,random,2,true,true,1107400,150900,7,7
B-transport-010,random,3,true,true,989100,101500,7,7
B-transport-010,random,4,true,true,1268300,96200,7,7
B-transport-010,random,5,true,true,1314200,107100,7,7
B-transport-010,random,6,true,true,1392300,154400,7,7
B-transport-010,random,7,true,true,1174500,159000,7,7
B-transport-010,random,8,true,true,1197600,112000,7,7
B-transport-010,random,9,true,true,1073500,118500,7,7
B-transport-010,monolithic,0,true,true,236500,127800,1,1
B-transport-010,monolithic,1,true,true,239000,129400,1,1
B-transport-010,monolithic,2,true,true,285200,160400,1,1
B-transport-010,monolithic,3,true,true,3360100,3140900,1,1
B-transport-010,monolithic,4,true,true,284900,162300,1,1
B-transport-010,monolithic,5,true,true,275600,152300,1,1
B-transport-010,monolithic,6,true,true,263300,136900,1,1
B-transport-010,monolithic,7,true,true,260100,136900,1,1
B-transport-010,monolithic,8,true,true,255000,134200,1,1
B-transport-010,monolithic,9,true,true,257400,136600,1,1
B-transport-011,char1,0,true,true,5902200,319600,38,59
B-transport-011,char1,1,true,true,7939500,321000,38,59
B-transport-011,char1,2,true,true,6895300,497600,38,59
B-transport-011,char1,3,true,true,8839600,363800,38,59
B-transport-011,char1,4,true,true,6913400,349400,38,59
B-transport-011,char1,5,true,true,6901300,309800,38,59
B-transport-011,char1,6,true,true,5830000,438500,38,59
B-transport-011,char1,7,true,true,5929400,325500,38,59
B-transport-011,char1,8,true,true,8165400,949600,38,59
B-transport-011,char1,9,true,true,9137700,391800,38,59
B-transport-011,char5,0,true,true,1260500,99100,9,12
B-transport-011,char5,1,true,true,2178500,93300,9,12
B-transport-011,char5,2,true,true,1430500,152800,9,12
B-transport-011,char5,3,true,true,1223900,90800,9,12
B-transport-011,char5,4,true,true,1220800,89400,9,12
B-transport-011,char5,5,true,true,1533800,88800,9,12
B-transport-011,char5,6,true,true,2288600,91400,9,12
B-transport-011,char5,7,true,true,2354200,126300,9,12
B-transport-011,char5,8,true,true,4138900,529600,9,12
B-transport-011,char5,9,true,true,2104400,124400,9,12
B-transport-011,random,0,true,true,860900,119300,6,6
B-transport-011,random,1,true,true,833900,113000,6,6
B-transport-011,random,2,true,true,826600,107100,6,6
B-transport-011,random,3,true,true,829300,107200,6,6
B-transport-011,random,4,true,true,816200,104100,6,6
B-transport-011,random,5,true,true,814700,107100,6,6
B-transport-011,random,6,true,true,817100,106800,6,6
B-transport-011,random,7,true,true,817100,104800,6,6
B-transport-011,random,8,true,true,2013200,103400,6,6
B-transport-011,random,9,true,true,1065100,325100,6,6
B-transport-011,monolithic,0,true,true,257100,141300,1,1
B-transport-011,monolithic,1,true,true,257600,131900,1,1
B-transport-011,monolithic,2,true,true,263600,142100,1,1
B-transport-011,monolithic,3,true,true,255700,136600,1,1
B-transport-011,monolithic,4,true,true,260400,137500,1,1
B-transport-011,monolithic,5,true,true,281100,156600,1,1
B-transport-011,monolithic,6,true,true,238900,126500,1,1
B-transport-011,monolithic,7,true,true,270500,155200,1,1
B-transport-011,monolithic,8,true,true,241800,128100,1,1
B-transport-011,monolithic,9,true,true,244000,130200,1,1
B-transport-012,char1,0,true,true,8469100,348700,38,59
B-transport-012,char1,1,true,true,12091900,334000,38,59
B-transport-012,char1,2,true,true,8676000,373100,38,59
B-transport-012,char1,3,true,true,7294100,339900,38,59
B-transport-012,char1,4,true,true,8035300,313400,38,59
B-transport-012,char1,5,true,true,5692600,311300,38,59
B-transport-012,char1,6,true,true,6862300,344700,38,59
B-transport-012,char1,7,true,true,5848000,329100,38,59
B-transport-012,char1,8,true,true,7038500,313500,38,59
B-transport-012,char1,9,true,true,6664300,320200,38,59
B-transport-012,char5,0,true,true,1649800,115200,9,12
B-transport-012,char5,1,true,true,1282200,105300,9,12
B-transport-012,char5,2,true,true,1257700,94800,9,12
B-transport-012,char5,3,true,true,1279800,94400,9,12
B-transport-012,char5,4,true,true,1525900,95000,9,12
B-transport-012,char5,5,true,true,1367700,158000,9,12
B-transport-012,char5,6,true,true,4157500,94400,9,12
B-transport-012,char5,7,true,true,1388700,115500,9,12
B-transport-012,char5,8,true,true,1359600,109100,9,12
B-transport-012,char5,9,true,true,1326700,101500,9,12
B-transport-012,random,0,true,true,1076600,153000,8,8
B-transport-012,random,1,true,true,1029900,150800,8,8
B-transport-012,random,2,true,true,1023000,135800,8,8
B-transport-012,random,3,true,true,1028800,142800,8,8
B-transport-012,random,4,true,true,2194300,1312100,8,8
B-transport-012,random,5,true,true,2465100,139300,8,8
B-transport-012,random,6,true,true,2659200,286300,8,8
B-transport-012,random,7,true,true,1175500,183500,8,8
B-transport-012,random,8,true,true,972900,135000,8,8
B-transport-012,random,9,true,true,992900,130200,8,8
B-transport-012,monolithic,0,true,true,255800,131900,1,1
B-transport-012,monolithic,1,true,true,251900,129800,1,1
B-transport-012,monolithic,2,true,true,250400,132300,1,1
B-transport-012,monolithic,3,true,true,247900,129000,1,1
B-transport-012,monolithic,4,true,true,250600,129200,1,1
B-transport-012,monolithic,5,true,true,248900,128500,1,1
B-transport-012,monolithic,6,true,true,248200,131300,1,1
B-transport-012,monolithic,7,true,true,250400,133200,1,1
B-transport-012,monolithic,8,true,true,248100,129100,1,1
B-transport-012,monolithic,9,true,true,249500,128500,1,1
B-transport-013,char1,0,true,true,8005200,301600,38,59
B-transport-013,char1,1,true,true,5865500,387900,38,59
B-transport-013,char1,2,true,true,8970100,302500,38,59
B-transport-013,char1,3,true,true,5468500,322300,38,59
B-transport-013,char1,4,true,true,5441500,310200,38,59
B-transport-013,char1,5,true,true,8789400,289900,38,59
B-transport-013,char1,6,true,true,5787400,396000,38,59
B-transport-013,char1,7,true,true,6748300,313100,38,59
B-transport-013,char1,8,true,true,5465500,318700,38,59
B-transport-013,char1,9,true,true,6687400,298600,38,59
B-transport-013,char5,0,true,true,1892100,108000,9,12
B-transport-013,char5,1,true,true,1233400,97600,9,12
B-transport-013,char5,2,true,true,1210900,90300,9,12
B-transport-013,char5,3,true,true,1205900,90500,9,12
B-transport-013,char5,4,true,true,1209900,87800,9,12
B-transport-013,char5,5,true,true,1199500,89700,9,12
B-transport-013,char5,6,true,true,1207000,88100,9,12
B-transport-013,char5,7,true,true,1205300,86500,9,12
B-transport-013,char5,8,true,true,1197500,88300,9,12
B-transport-013,char5,9,true,true,1200400,88900,9,12
B-transport-013,random,0,true,true,2265400,119700,5,6
B-transport-013,random,1,true,true,714900,142400,5,6
B-transport-013,random,2,true,true,1383300,126800,5,6
B-transport-013,random,3,true,true,730400,139000,5,6
B-transport-013,random,4,true,true,695100,129700,5,6
B-transport-013,random,5,true,true,687000,123800,5,6
B-transport-013,random,6,true,true,941000,125200,5,6
B-transport-013,random,7,true,true,757400,182200,5,6
B-transport-013,random,8,true,true,712000,126700,5,6
B-transport-013,random,9,true,true,676000,121500,5,6
B-transport-013,monolithic,0,true,true,243000,126800,1,1
B-transport-013,monolithic,1,true,true,244600,128000,1,1
B-transport-013,monolithic,2,true,true,374000,256400,1,1
B-transport-013,monolithic,3,true,true,238700,126400,1,1
B-transport-013,monolithic,4,true,true,242500,125800,1,1
B-transport-013,monolithic,5,true,true,246400,128400,1,1
B-transport-013,monolithic,6,true,true,248000,129700,1,1
B-transport-013,monolithic,7,true,true,243000,127100,1,1
B-transport-013,monolithic,8,true,true,245200,129300,1,1
B-transport-013,monolithic,9,true,true,242000,125600,1,1
B-transport-014,char1,0,true,true,6343800,299900,38,59
B-transport-014,char1,1,true,true,6256800,312200,38,59
B-transport-014,char1,2,true,true,5851400,296200,38,59
B-transport-014,char1,3,true,true,6082900,372600,38,59
B-transport-014,char1,4,true,true,5945300,331200,38,59
B-transport-014,char1,5,true,true,7182800,325500,38,59
B-transport-014,char1,6,true,true,7021000,305100,38,59
B-transport-014,char1,7,true,true,6407400,310900,38,59
B-transport-014,char1,8,true,true,6101500,298900,38,59
B-transport-014,char1,9,true,true,5691700,346200,38,59
B-transport-014,char5,0,true,true,1435100,99400,9,12
B-transport-014,char5,1,true,true,1556300,96200,9,12
B-transport-014,char5,2,true,true,1219100,91700,9,12
B-transport-014,char5,3,true,true,1223000,89600,9,12
B-transport-014,char5,4,true,true,1225600,88400,9,12
B-transport-014,char5,5,true,true,1238300,89000,9,12
B-transport-014,char5,6,true,true,1488100,88700,9,12
B-transport-014,char5,7,true,true,1264000,97800,9,12
B-transport-014,char5,8,true,true,1246200,91600,9,12
B-transport-014,char5,9,true,true,1715600,91300,9,12
B-transport-014,random,0,true,true,848500,213400,4,6
B-transport-014,random,1,true,true,678500,103600,4,6
B-transport-014,random,2,true,true,744800,99000,4,6
B-transport-014,random,3,true,true,2680800,98600,4,6
B-transport-014,random,4,true,true,735600,112100,4,6
B-transport-014,random,5,true,true,676200,103000,4,6
B-transport-014,random,6,true,true,665400,100400,4,6
B-transport-014,random,7,true,true,789900,102000,4,6
B-transport-014,random,8,true,true,662800,100600,4,6
B-transport-014,random,9,true,true,668900,98800,4,6
B-transport-014,monolithic,0,true,true,259500,133600,1,1
B-transport-014,monolithic,1,true,true,246800,131800,1,1
B-transport-014,monolithic,2,true,true,256500,139200,1,1
B-transport-014,monolithic,3,true,true,250000,133500,1,1
B-transport-014,monolithic,4,true,true,244500,129300,1,1
B-transport-014,monolithic,5,true,true,243000,125500,1,1
B-transport-014,monolithic,6,true,true,241600,128900,1,1
B-transport-014,monolithic,7,true,true,973700,731600,1,1
B-transport-014,monolithic,8,true,true,505300,361700,1,1
B-transport-014,monolithic,9,true,true,263200,134600,1,1
B-transport-015,char1,0,true,true,7016500,325800,38,59
B-transport-015,char1,1,true,true,7996800,298500,38,59
B-transport-015,char1,2,true,true,8329700,368400,38,59
B-transport-015,char1,3,true,true,5501300,315000,38,59
B-transport-015,char1,4,true,true,10552600,2769300,38,59
B-transport-015,char1,5,true,true,7257200,312600,38,59
B-transport-015,char1,6,true,true,9891900,1124100,38,59
B-transport-015,char1,7,true,true,7136100,386600,38,59
B-transport-015,char1,8,true,true,7523700,328600,38,59
B-transport-015,char1,9,true,true,5606800,301800,38,59
B-transport-015,char5,0,true,true,1417200,99900,9,12
B-transport-015,char5,1,true,true,3489400,107900,9,12
B-transport-015,char5,2,true,true,2805900,338500,9,12
B-transport-015,char5,3,true,true,1232200,96400,9,12
B-transport-015,char5,4,true,true,1221400,90400,9,12
B-transport-015,char5,5,true,true,1224200,90700,9,12
B-transport-015,char5,6,true,true,1222000,89200,9,12
B-transport-015,char5,7,true,true,1213700,88500,9,12
B-transport-015,char5,8,true,true,1212000,90000,9,12
B-transport-015,char5,9,true,true,1218100,87900,9,12
B-transport-015,random,0,true,true,1419000,96300,5,8
B-transport-015,random,1,true,true,2317500,118000,5,8
B-transport-015,random,2,true,true,813800,109300,5,8
B-transport-015,random,3,true,true,800400,152800,5,8
B-transport-015,random,4,true,true,719800,103800,5,8
B-transport-015,random,5,true,true,740900,104100,5,8
B-transport-015,random,6,true,true,709300,97900,5,8
B-transport-015,random,7,true,true,774200,94600,5,8
B-transport-015,random,8,true,true,840600,127800,5,8
B-transport-015,random,9,true,true,1050400,147500,5,8
B-transport-015,monolithic,0,true,true,309900,176800,1,1
B-transport-015,monolithic,1,true,true,275400,146800,1,1
B-transport-015,monolithic,2,true,true,264100,136300,1,1
B-transport-015,monolithic,3,true,true,261500,136700,1,1
B-transport-015,monolithic,4,true,true,253200,136600,1,1
B-transport-015,monolithic,5,true,true,384000,131000,1,1
B-transport-015,monolithic,6,true,true,264200,138500,1,1
B-transport-015,monolithic,7,true,true,242800,126700,1,1
B-transport-015,monolithic,8,true,true,243100,127800,1,1
B-transport-015,monolithic,9,true,true,245200,131300,1,1
B-transport-016,char1,0,true,true,8066600,311500,38,59
B-transport-016,char1,1,true,true,5467500,303400,38,59
B-transport-016,char1,2,true,true,10286900,336800,38,59
B-transport-016,char1,3,true,true,8484900,441000,38,59
B-transport-016,char1,4,true,true,10007100,481300,38,59
B-transport-016,char1,5,true,true,5457800,288800,38,59
B-transport-016,char1,6,true,true,8037500,305300,38,59
B-transport-016,char1,7,true,true,5962900,397200,38,59
B-transport-016,char1,8,true,true,7693800,318700,38,59
B-transport-016,char1,9,true,true,6432000,316800,38,59
B-transport-016,char5,0,true,true,1418700,143900,9,12
B-transport-016,char5,1,true,true,1335700,95300,9,12
B-transport-016,char5,2,true,true,1288200,95400,9,12
B-transport-016,char5,3,true,true,1284600,95700,9,12
B-transport-016,char5,4,true,true,1268600,92600,9,12
B-transport-016,char5,5,true,true,1275600,91600,9,12
B-transport-016,char5,6,true,true,4833700,94100,9,12
B-transport-016,char5,7,true,true,2051300,141000,9,12
B-transport-016,char5,8,true,true,1433700,116000,9,12
B-transport-016,char5,9,true,true,1544600,113300,9,12
B-transport-016,random,0,true,true,1069300,128600,7,10
B-transport-016,random,1,true,true,1024700,102600,7,10
B-transport-016,random,2,true,true,1029900,100800,7,10
B-transport-016,random,3,true,true,1179900,103200,7,10
B-transport-016,random,4,true,true,1033500,100200,7,10
B-transport-016,random,5,true,true,1068700,109200,7,10
B-transport-016,random,6,true,true,2149300,107900,7,10
B-transport-016,random,7,true,true,1081700,178800,7,10
B-transport-016,random,8,true,true,1855900,100900,7,10
B-transport-016,random,9,true,true,1401200,205800,7,10
B-transport-016,monolithic,0,true,true,240100,130300,1,1
B-transport-016,monolithic,1,true,true,237300,125000,1,1
B-transport-016,monolithic,2,true,true,232000,120600,1,1
B-transport-016,monolithic,3,true,true,238900,120400,1,1
B-transport-016,monolithic,4,true,true,243400,125000,1,1
B-transport-016,monolithic,5,true,true,239700,127400,1,1
B-transport-016,monolithic,6,true,true,243600,129600,1,1
B-transport-016,monolithic,7,true,true,241900,126900,1,1
B-transport-016,monolithic,8,true,true,241100,125000,1,1
B-transport-016,monolithic,9,true,true,238100,128800,1,1
B-transport-017,char1,0,true,true,5454700,291300,38,59
B-transport-017,char1,1,true,true,7774200,320800,38,59
B-transport-017,char1,2,true,true,5342400,291600,38,59
B-transport-017,char1,3,true,true,8021400,294100,38,59
B-transport-017,char1,4,true,true,7587300,618500,38,59
B-transport-017,char1,5,true,true,10160500,355200,38,59
B-transport-017,char1,6,true,true,5766900,334300,38,59
B-transport-017,char1,7,true,true,10318200,362200,38,59
B-transport-017,char1,8,true,true,6441700,407100,38,59
B-transport-017,char1,9,true,true,9909400,383900,38,59
B-transport-017,char5,0,true,true,1436900,150700,9,12
B-transport-017,char5,1,true,true,2543200,117800,9,12
B-transport-017,char5,2,true,true,1571100,121700,9,12
B-transport-017,char5,3,true,true,1472900,124400,9,12
B-transport-017,char5,4,true,true,5796300,109100,9,12
B-transport-017,char5,5,true,true,1947600,359700,9,12
B-transport-017,char5,6,true,true,1410400,111400,9,12
B-transport-017,char5,7,true,true,1395800,109900,9,12
B-transport-017,char5,8,true,true,1370700,106500,9,12
B-transport-017,char5,9,true,true,1370600,101400,9,12
B-transport-017,random,0,true,true,947200,123300,5,8
B-transport-017,random,1,true,true,935500,124700,5,8
B-transport-017,random,2,true,true,2563600,123200,5,8
B-transport-017,random,3,true,true,3721600,137500,5,8
B-transport-017,random,4,true,true,859000,121200,5,8
B-transport-017,random,5,true,true,820600,108900,5,8
B-transport-017,random,6,true,true,811900,108300,5,8
B-transport-017,random,7,true,true,820400,108600,5,8
B-transport-017,random,8,true,true,807300,105400,5,8
B-transport-017,random,9,true,true,1540700,104200,5,8
B-transport-017,monolithic,0,true,true,244500,130000,1,1
B-transport-017,monolithic,1,true,true,236100,124100,1,1
B-transport-017,monolithic,2,true,true,233900,122700,1,1
B-transport-017,monolithic,3,true,true,231700,121400,1,1
B-transport-017,monolithic,4,true,true,229500,121600,1,1
B-transport-017,monolithic,5,true,true,235700,124100,1,1
B-transport-017,monolithic,6,true,true,228700,120000,1,1
B-transport-017,monolithic,7,true,true,231600,120400,1,1
B-transport-017,monolithic,8,true,true,229200,120700,1,1
B-transport-017,monolithic,9,true,true,230200,119900,1,1
B-transport-018,char1,0,true,true,11209600,291300,38,59
B-transport-018,char1,1,true,true,8658800,608000,38,59
B-transport-018,char1,2,true,true,8014500,369000,38,59
B-transport-018,char1,3,true,true,7566200,334200,38,59
B-transport-018,char1,4,true,true,6647700,330000,38,59
B-transport-018,char1,5,true,true,15786000,322900,38,59
B-transport-018,char1,6,true,true,8580300,359200,38,59
B-transport-018,char1,7,true,true,8406300,301800,38,59
B-transport-018,char1,8,true,true,7733400,443900,38,59
B-transport-018,char1,9,true,true,6274100,321100,38,59
B-transport-018,char5,0,true,true,1449500,128000,9,12
B-transport-018,char5,1,true,true,1401400,120000,9,12
B-transport-018,char5,2,true,true,2556900,107900,9,12
B-transport-018,char5,3,true,true,1193200,94200,9,12
B-transport-018,char5,4,true,true,1177900,88400,9,12
B-transport-018,char5,5,true,true,1174700,85100,9,12
B-transport-018,char5,6,true,true,1172600,87600,9,12
B-transport-018,char5,7,true,true,1169000,84700,9,12
B-transport-018,char5,8,true,true,1840900,86500,9,12
B-transport-018,char5,9,true,true,1543100,374900,9,12
B-transport-018,random,0,true,true,616600,75400,4,6
B-transport-018,random,1,true,true,602800,73600,4,6
B-transport-018,random,2,true,true,598900,71500,4,6
B-transport-018,random,3,true,true,609300,70000,4,6
B-transport-018,random,4,true,true,636500,102600,4,6
B-transport-018,random,5,true,true,2487800,72600,4,6
B-transport-018,random,6,true,true,733400,97500,4,6
B-transport-018,random,7,true,true,632600,86400,4,6
B-transport-018,random,8,true,true,606500,72800,4,6
B-transport-018,random,9,true,true,604300,73500,4,6
B-transport-018,monolithic,0,true,true,234800,122900,1,1
B-transport-018,monolithic,1,true,true,236000,126700,1,1
B-transport-018,monolithic,2,true,true,233200,121900,1,1
B-transport-018,monolithic,3,true,true,230400,118900,1,1
B-transport-018,monolithic,4,true,true,232800,122800,1,1
B-transport-018,monolithic,5,true,true,235200,122700,1,1
B-transport-018,monolithic,6,true,true,232200,123000,1,1
B-transport-018,monolithic,7,true,true,234400,120300,1,1
B-transport-018,monolithic,8,true,true,250600,122100,1,1
B-transport-018,monolithic,9,true,true,230700,121700,1,1
B-transport-019,char1,0,true,true,10409300,296100,38,59
B-transport-019,char1,1,true,true,6530100,337500,38,59
B-transport-019,char1,2,true,true,8228200,367800,38,59
B-transport-019,char1,3,true,true,5761500,329100,38,59
B-transport-019,char1,4,true,true,12708500,447400,38,59
B-transport-019,char1,5,true,true,5201600,289200,38,59
B-transport-019,char1,6,true,true,9496300,285300,38,59
B-transport-019,char1,7,true,true,5755400,369800,38,59
B-transport-019,char1,8,true,true,7442300,325100,38,59
B-transport-019,char1,9,true,true,5825800,314800,38,59
B-transport-019,char5,0,true,true,1243000,103800,9,12
B-transport-019,char5,1,true,true,1234900,89800,9,12
B-transport-019,char5,2,true,true,1199300,90500,9,12
B-transport-019,char5,3,true,true,1205500,91800,9,12
B-transport-019,char5,4,true,true,1774500,91900,9,12
B-transport-019,char5,5,true,true,2968100,1188300,9,12
B-transport-019,char5,6,true,true,1899800,181900,9,12
B-transport-019,char5,7,true,true,1734500,145500,9,12
B-transport-019,char5,8,true,true,1667900,166800,9,12
B-transport-019,char5,9,true,true,1589400,112000,9,12
B-transport-019,random,0,true,true,659500,90000,4,6
B-transport-019,random,1,true,true,666000,83900,4,6
B-transport-019,random,2,true,true,842100,81200,4,6
B-transport-019,random,3,true,true,654800,81700,4,6
B-transport-019,random,4,true,true,655900,81200,4,6
B-transport-019,random,5,true,true,647800,81800,4,6
B-transport-019,random,6,true,true,2438400,78000,4,6
B-transport-019,random,7,true,true,1822200,109500,4,6
B-transport-019,random,8,true,true,616000,87200,4,6
B-transport-019,random,9,true,true,603700,76700,4,6
B-transport-019,monolithic,0,true,true,242000,130800,1,1
B-transport-019,monolithic,1,true,true,263400,138000,1,1
B-transport-019,monolithic,2,true,true,251000,134900,1,1
B-transport-019,monolithic,3,true,true,259600,123600,1,1
B-transport-019,monolithic,4,true,true,255100,144500,1,1
B-transport-019,monolithic,5,true,true,235600,125000,1,1
B-transport-019,monolithic,6,true,true,236200,124800,1,1
B-transport-019,monolithic,7,true,true,237000,123600,1,1
B-transport-019,monolithic,8,true,true,234900,124400,1,1
B-transport-019,monolithic,9,true,true,238000,127100,1,1
B-transport-020,char1,0,true,true,5392500,289000,38,59
B-transport-020,char1,1,true,true,7814100,293000,38,59
B-transport-020,char1,2,true,true,6369300,285700,38,59
B-transport-020,char1,3,true,true,6207400,323300,38,59
B-transport-020,char1,4,true,true,6766400,282900,38,59
B-transport-020,char1,5,true,true,6476600,290800,38,59
B-transport-020,char1,6,true,true,6573100,371100,38,59
B-transport-020,char1,7,true,true,5562500,292800,38,59
B-transport-020,char1,8,true,true,6489200,282900,38,59
B-transport-020,char1,9,true,true,6705000,306400,38,59
B-transport-020,char5,0,true,true,1756000,168700,9,12
B-transport-020,char5,1,true,true,1659900,154100,9,12
B-transport-020,char5,2,true,true,2315600,191600,9,12
B-transport-020,char5,3,true,true,1562200,363600,9,12
B-transport-020,char5,4,true,true,1198200,89500,9,12
B-transport-020,char5,5,true,true,1290100,92500,9,12
B-transport-020,char5,6,true,true,2690300,309500,9,12
B-transport-020,char5,7,true,true,1706200,156900,9,12
B-transport-020,char5,8,true,true,1872900,141200,9,12
B-transport-020,char5,9,true,true,1396800,107700,9,12
B-transport-020,random,0,true,true,2135500,78300,5,6
B-transport-020,random,1,true,true,801400,74500,5,6
B-transport-020,random,2,true,true,791400,70400,5,6
B-transport-020,random,3,true,true,687800,64800,5,6
B-transport-020,random,4,true,true,689400,66000,5,6
B-transport-020,random,5,true,true,665300,65100,5,6
B-transport-020,random,6,true,true,688400,54400,5,6
B-transport-020,random,7,true,true,803800,57900,5,6
B-transport-020,random,8,true,true,1253400,69600,5,6
B-transport-020,random,9,true,true,705800,70000,5,6
B-transport-020,monolithic,0,true,true,238500,127200,1,1
B-transport-020,monolithic,1,true,true,238900,127800,1,1
B-transport-020,monolithic,2,true,true,235500,124900,1,1
B-transport-020,monolithic,3,true,true,236000,123300,1,1
B-transport-020,monolithic,4,true,true,239500,124300,1,1
B-transport-020,monolithic,5,true,true,235700,125300,1,1
B-transport-020,monolithic,6,true,true,236600,125000,1,1
B-transport-020,monolithic,7,true,true,262200,140800,1,1
B-transport-020,monolithic,8,true,true,244800,127400,1,1
B-transport-020,monolithic,9,true,true,234600,124700,1,1
B-transport-021,char1,0,true,true,7363700,288000,38,59
B-transport-021,char1,1,true,true,6315500,289900,38,59
B-transport-021,char1,2,true,true,7971900,294500,38,59
B-transport-021,char1,3,true,true,6175200,360500,38,59
B-transport-021,char1,4,true,true,9313700,288100,38,59
B-transport-021,char1,5,true,true,5838200,345600,38,59
B-transport-021,char1,6,true,true,9208000,324700,38,59
B-transport-021,char1,7,true,true,6004300,296500,38,59
B-transport-021,char1,8,true,true,6381300,321100,38,59
B-transport-021,char1,9,true,true,6558600,322400,38,59
B-transport-021,char5,0,true,true,1527700,105600,9,12
B-transport-021,char5,1,true,true,1483800,104800,9,12
B-transport-021,char5,2,true,true,1439400,108900,9,12
B-transport-021,char5,3,true,true,2050000,106500,9,12
B-transport-021,char5,4,true,true,1453500,108200,9,12
B-transport-021,char5,5,true,true,1320500,106700,9,12
B-transport-021,char5,6,true,true,2887000,99800,9,12
B-transport-021,char5,7,true,true,1472100,107500,9,12
B-transport-021,char5,8,true,true,1256000,101700,9,12
B-transport-021,char5,9,true,true,1234700,95700,9,12
B-transport-021,random,0,true,true,722800,73200,5,6
B-transport-021,random,1,true,true,721300,71300,5,6
B-transport-021,random,2,true,true,717600,69000,5,6
B-transport-021,random,3,true,true,722800,68500,5,6
B-transport-021,random,4,true,true,718900,71200,5,6
B-transport-021,random,5,true,true,753900,72100,5,6
B-transport-021,random,6,true,true,764900,73000,5,6
B-transport-021,random,7,true,true,1779400,71700,5,6
B-transport-021,random,8,true,true,805400,84200,5,6
B-transport-021,random,9,true,true,804200,80100,5,6
B-transport-021,monolithic,0,true,true,322300,189800,1,1
B-transport-021,monolithic,1,true,true,258100,138100,1,1
B-transport-021,monolithic,2,true,true,258300,137900,1,1
B-transport-021,monolithic,3,true,true,254800,134500,1,1
B-transport-021,monolithic,4,true,true,260700,135300,1,1
B-transport-021,monolithic,5,true,true,255700,135800,1,1
B-transport-021,monolithic,6,true,true,254300,134500,1,1
B-transport-021,monolithic,7,true,true,256500,136800,1,1
B-transport-021,monolithic,8,true,true,258100,133100,1,1
B-transport-021,monolithic,9,true,true,254200,133000,1,1
B-transport-022,char1,0,true,true,6289500,315200,38,59
B-transport-022,char1,1,true,true,7250700,316000,38,59
B-transport-022,char1,2,true,true,7068600,391800,38,59
B-transport-022,char1,3,true,true,7393200,329900,38,59
B-transport-022,char1,4,true,true,5856600,388600,38,59
B-transport-022,char1,5,true,true,9145700,340600,38,59
B-transport-022,char1,6,true,true,6475700,371100,38,59
B-transport-022,char1,7,true,true,8243300,346300,38,59
B-transport-022,char1,8,true,true,6200800,297000,38,59
B-transport-022,char1,9,true,true,7053200,401600,38,59
B-transport-022,char5,0,true,true,1944900,286800,9,12
B-transport-022,char5,1,true,true,1490100,122000,9,12
B-transport-022,char5,2,true,true,1544200,130100,9,12
B-transport-022,char5,3,true,true,1346500,103000,9,12
B-transport-022,char5,4,true,true,1320800,95900,9,12
B-transport-022,char5,5,true,true,1337500,104900,9,12
B-transport-022,char5,6,true,true,1309800,101700,9,12
B-transport-022,char5,7,true,true,1400900,114900,9,12
B-transport-022,char5,8,true,true,1289800,101300,9,12
B-transport-022,char5,9,true,true,2841200,118400,9,12
B-transport-022,random,0,true,true,1172900,220200,6,7
B-transport-022,random,1,true,true,988800,79600,6,7
B-transport-022,random,2,true,true,988800,72000,6,7
B-transport-022,random,3,true,true,982400,76400,6,7
B-transport-022,random,4,true,true,982400,71700,6,7
B-transport-022,random,5,true,true,997100,73900,6,7
B-transport-022,random,6,true,true,956100,90400,6,7
B-transport-022,random,7,true,true,978800,75900,6,7
B-transport-022,random,8,true,true,937600,71600,6,7
B-transport-022,random,9,true,true,954100,70900,6,7
B-transport-022,monolithic,0,true,true,243000,130000,1,1
B-transport-022,monolithic,1,true,true,244500,129400,1,1
B-transport-022,monolithic,2,true,true,241100,124300,1,1
B-transport-022,monolithic,3,true,true,240800,125100,1,1
B-transport-022,monolithic,4,true,true,244600,128800,1,1
B-transport-022,monolithic,5,true,true,240300,127300,1,1
B-transport-022,monolithic,6,true,true,243000,125900,1,1
B-transport-022,monolithic,7,true,true,246200,128600,1,1
B-transport-022,monolithic,8,true,true,240200,127600,1,1
B-transport-022,monolithic,9,true,true,519000,397000,1,1
B-transport-023,char1,0,true,true,6800100,454300,38,59
B-transport-023,char1,1,true,true,5971100,327000,38,59
B-transport-023,char1,2,true,true,8748500,310000,38,59
B-transport-023,char1,3,true,true,6262800,396600,38,59
B-transport-023,char1,4,true,true,8543100,313700,38,59
B-transport-023,char1,5,true,true,10138700,342100,38,59
B-transport-023,char1,6,true,true,11018800,344400,38,59
B-transport-023,char1,7,true,true,6110300,368900,38,59
B-transport-023,char1,8,true,true,6651000,404400,38,59
B-transport-023,char1,9,true,true,5437100,312200,38,59
B-transport-023,char5,0,true,true,2840600,97100,9,12
B-transport-023,char5,1,true,true,1258500,97000,9,12
B-transport-023,char5,2,true,true,1697500,231700,9,12
B-transport-023,char5,3,true,true,1311500,99900,9,12
B-transport-023,char5,4,true,true,1325200,102900,9,12
B-transport-023,char5,5,true,true,1312500,97800,9,12
B-transport-023,char5,6,true,true,1915600,294400,9,12
B-transport-023,char5,7,true,true,1351800,108600,9,12
B-transport-023,char5,8,true,true,1281900,94200,9,12
B-transport-023,char5,9,true,true,1317300,92700,9,12
B-transport-023,random,0,true,true,2660800,113200,5,6
B-transport-023,random,1,true,true,919800,86400,5,6
B-transport-023,random,2,true,true,866200,80500,5,6
B-transport-023,random,3,true,true,975500,78500,5,6
B-transport-023,random,4,true,true,940900,82900,5,6
B-transport-023,random,5,true,true,959800,163800,5,6
B-transport-023,random,6,true,true,1041700,88500,5,6
B-transport-023,random,7,true,true,1016400,141100,5,6
B-transport-023,random,8,true,true,860400,90400,5,6
B-transport-023,random,9,true,true,810500,79200,5,6
B-transport-023,monolithic,0,true,true,243500,130700,1,1
B-transport-023,monolithic,1,true,true,239700,126800,1,1
B-transport-023,monolithic,2,true,true,241000,125700,1,1
B-transport-023,monolithic,3,true,true,241300,123800,1,1
B-transport-023,monolithic,4,true,true,240600,126600,1,1
B-transport-023,monolithic,5,true,true,246500,125900,1,1
B-transport-023,monolithic,6,true,true,239600,124600,1,1
B-transport-023,monolithic,7,true,true,241900,126800,1,1
B-transport-023,monolithic,8,true,true,238700,127200,1,1
B-transport-023,monolithic,9,true,true,240300,126900,1,1
B-transport-024,char1,0,true,true,6405300,294300,38,59
B-transport-024,char1,1,true,true,6127100,315000,38,59
B-transport-024,char1,2,true,true,7381200,335300,38,59
B-transport-024,char1,3,true,true,5872200,288800,38,59
B-transport-024,char1,4,true,true,6315400,312500,38,59
B-transport-024,char1,5,true,true,7655200,311600,38,59
B-transport-024,char1,6,true,true,6344300,342400,38,59
B-transport-024,char1,7,true,true,6914000,294900,38,59
B-transport-024,char1,8,true,true,5845800,317100,38,59
B-transport-024,char1,9,true,true,6666900,304200,38,59
B-transport-024,char5,0,true,true,1298400,105200,9,12
B-transport-024,char5,1,true,true,1264700,94700,9,12
B-transport-024,char5,2,true,true,1246200,93600,9,12
B-transport-024,char5,3,true,true,1251900,92600,9,12
B-transport-024,char5,4,true,true,1715200,90500,9,12
B-transport-024,char5,5,true,true,1272600,100700,9,12
B-transport-024,char5,6,true,true,1758000,90900,9,12
B-transport-024,char5,7,true,true,1375600,122500,9,12
B-transport-024,char5,8,true,true,1253800,94300,9,12
B-transport-024,char5,9,true,true,2182900,95800,9,12
B-transport-024,random,0,true,true,832200,98400,5,6
B-transport-024,random,1,true,true,787300,90200,5,6
B-transport-024,random,2,true,true,771000,86900,5,6
B-transport-024,random,3,true,true,747000,83600,5,6
B-transport-024,random,4,true,true,803200,83700,5,6
B-transport-024,random,5,true,true,844300,93300,5,6
B-transport-024,random,6,true,true,1004800,175300,5,6
B-transport-024,random,7,true,true,759700,85500,5,6
B-transport-024,random,8,true,true,786500,86200,5,6
B-transport-024,random,9,true,true,765400,84200,5,6
B-transport-024,monolithic,0,true,true,297200,135900,1,1
B-transport-024,monolithic,1,true,true,377600,205300,1,1
B-transport-024,monolithic,2,true,true,271100,148900,1,1
B-transport-024,monolithic,3,true,true,248300,131200,1,1
B-transport-024,monolithic,4,true,true,246500,130000,1,1
B-transport-024,monolithic,5,true,true,243700,126800,1,1
B-transport-024,monolithic,6,true,true,247600,129300,1,1
B-transport-024,monolithic,7,true,true,246600,130400,1,1
B-transport-024,monolithic,8,true,true,257400,135700,1,1
B-transport-024,monolithic,9,true,true,246300,128700,1,1
B-transport-025,char1,0,true,true,7070500,322000,38,59
B-transport-025,char1,1,true,true,5550000,301600,38,59
B-transport-025,char1,2,true,true,7444800,298800,38,59
B-transport-025,char1,3,true,true,5629400,300800,38,59
B-transport-025,char1,4,true,true,6447400,328700,38,59
B-transport-025,char1,5,true,true,7336600,611000,38,59
B-transport-025,char1,6,true,true,7391600,330600,38,59
B-transport-025,char1,7,true,true,5698900,372800,38,59
B-transport-025,char1,8,true,true,6616900,307600,38,59
B-transport-025,char1,9,true,true,6076700,333600,38,59
B-transport-025,char5,0,true,true,1263900,104800,9,12
B-transport-025,char5,1,true,true,1260400,97900,9,12
B-transport-025,char5,2,true,true,1215000,90400,9,12
B-transport-025,char5,3,true,true,2775600,88600,9,12
B-transport-025,char5,4,true,true,1294300,106400,9,12
B-transport-025,char5,5,true,true,1308700,100800,9,12
B-transport-025,char5,6,true,true,1692500,95200,9,12
B-transport-025,char5,7,true,true,1302100,99300,9,12
B-transport-025,char5,8,true,true,1323500,100000,9,12
B-transport-025,char5,9,true,true,1352100,98800,9,12
B-transport-025,random,0,true,true,1397000,149800,6,8
B-transport-025,random,1,true,true,837800,95500,6,8
B-transport-025,random,2,true,true,869800,86400,6,8
B-transport-025,random,3,true,true,848100,88200,6,8
B-transport-025,random,4,true,true,2093000,343800,6,8
B-transport-025,random,5,true,true,911100,110600,6,8
B-transport-025,random,6,true,true,862500,95500,6,8
B-transport-025,random,7,true,true,861200,90500,6,8
B-transport-025,random,8,true,true,920100,91900,6,8
B-transport-025,random,9,true,true,1245800,101800,6,8
B-transport-025,monolithic,0,true,true,353600,218000,1,1
B-transport-025,monolithic,1,true,true,244900,127200,1,1
B-transport-025,monolithic,2,true,true,235100,125300,1,1
B-transport-025,monolithic,3,true,true,614700,121500,1,1
B-transport-025,monolithic,4,true,true,338500,198700,1,1
B-transport-025,monolithic,5,true,true,257200,138000,1,1
B-transport-025,monolithic,6,true,true,253700,136200,1,1
B-transport-025,monolithic,7,true,true,254000,129000,1,1
B-transport-025,monolithic,8,true,true,261800,141000,1,1
B-transport-025,monolithic,9,true,true,255000,133400,1,1
B-transport-026,char1,0,true,true,6054500,347000,38,59
B-transport-026,char1,1,true,true,5800800,326800,38,59
B-transport-026,char1,2,true,true,7550500,325900,38,59
B-transport-026,char1,3,true,true,6055900,377200,38,59
B-transport-026,char1,4,true,true,8290800,357600,38,59
B-transport-026,char1,5,true,true,6511400,324700,38,59
B-transport-026,char1,6,true,true,6822400,309500,38,59
B-transport-026,char1,7,true,true,5930200,332300,38,59
B-transport-026,char1,8,true,true,6775000,292300,38,59
B-transport-026,char1,9,true,true,6297200,306200,38,59
B-transport-026,char5,0,true,true,1463100,150800,9,12
B-transport-026,char5,1,true,true,1377800,110900,9,12
B-transport-026,char5,2,true,true,1359800,101700,9,12
B-transport-026,char5,3,true,true,1325300,96500,9,12
B-transport-026,char5,4,true,true,2426900,104600,9,12
B-transport-026,char5,5,true,true,1246700,100700,9,12
B-transport-026,char5,6,true,true,1390200,92700,9,12
B-transport-026,char5,7,true,true,1342600,147700,9,12
B-transport-026,char5,8,true,true,1279300,97500,9,12
B-transport-026,char5,9,true,true,1280500,94200,9,12
B-transport-026,random,0,true,true,1048400,118200,7,8
B-transport-026,random,1,true,true,1183500,214900,7,8
B-transport-026,random,2,true,true,873500,128800,7,8
B-transport-026,random,3,true,true,848000,111800,7,8
B-transport-026,random,4,true,true,885900,110500,7,8
B-transport-026,random,5,true,true,857500,113700,7,8
B-transport-026,random,6,true,true,849400,110300,7,8
B-transport-026,random,7,true,true,1525800,132300,7,8
B-transport-026,random,8,true,true,1407700,252500,7,8
B-transport-026,random,9,true,true,914900,148000,7,8
B-transport-026,monolithic,0,true,true,236800,126400,1,1
B-transport-026,monolithic,1,true,true,232500,125200,1,1
B-transport-026,monolithic,2,true,true,231000,124900,1,1
B-transport-026,monolithic,3,true,true,229400,117400,1,1
B-transport-026,monolithic,4,true,true,230200,120200,1,1
B-transport-026,monolithic,5,true,true,247800,126400,1,1
B-transport-026,monolithic,6,true,true,244500,132500,1,1
B-transport-026,monolithic,7,true,true,234900,120600,1,1
B-transport-026,monolithic,8,true,true,240400,128300,1,1
B-transport-026,monolithic,9,true,true,679800,533300,1,1
B-transport-027,char1,0,true,true,6033000,325400,38,59
B-transport-027,char1,1,true,true,7207700,322700,38,59
B-transport-027,char1,2,true,true,5892200,320700,38,59
B-transport-027,char1,3,true,true,7942400,432000,38,59
B-transport-027,char1,4,true,true,6014700,326300,38,59
B-transport-027,char1,5,true,true,6502000,331600,38,59
B-transport-027,char1,6,true,true,6958400,378700,38,59
B-transport-027,char1,7,true,true,5869300,520500,38,59
B-transport-027,char1,8,true,true,6269600,302900,38,59
B-transport-027,char1,9,true,true,5741600,261800,38,59
B-transport-027,char5,0,true,true,1336200,116200,9,12
B-transport-027,char5,1,true,true,1213900,96800,9,12
B-transport-027,char5,2,true,true,1229100,100000,9,12
B-transport-027,char5,3,true,true,2972200,1448500,9,12
B-transport-027,char5,4,true,true,1360000,105100,9,12
B-transport-027,char5,5,true,true,1344700,100700,9,12
B-transport-027,char5,6,true,true,1350600,106000,9,12
B-transport-027,char5,7,true,true,1273300,103300,9,12
B-transport-027,char5,8,true,true,1528300,104800,9,12
B-transport-027,char5,9,true,true,1528400,102800,9,12
B-transport-027,random,0,true,true,1109100,123300,8,9
B-transport-027,random,1,true,true,1158400,135000,8,9
B-transport-027,random,2,true,true,1104500,143100,8,9
B-transport-027,random,3,true,true,2509400,145700,8,9
B-transport-027,random,4,true,true,1219400,156700,8,9
B-transport-027,random,5,true,true,1142100,129300,8,9
B-transport-027,random,6,true,true,1117600,123300,8,9
B-transport-027,random,7,true,true,1103700,119500,8,9
B-transport-027,random,8,true,true,1440600,120000,8,9
B-transport-027,random,9,true,true,1146500,133000,8,9
B-transport-027,monolithic,0,true,true,249600,132000,1,1
B-transport-027,monolithic,1,true,true,249600,128000,1,1
B-transport-027,monolithic,2,true,true,254100,131900,1,1
B-transport-027,monolithic,3,true,true,296400,130300,1,1
B-transport-027,monolithic,4,true,true,256300,137800,1,1
B-transport-027,monolithic,5,true,true,253900,132500,1,1
B-transport-027,monolithic,6,true,true,270600,136900,1,1
B-transport-027,monolithic,7,true,true,262600,139100,1,1
B-transport-027,monolithic,8,true,true,249300,134700,1,1
B-transport-027,monolithic,9,true,true,571300,412700,1,1
B-transport-028,char1,0,true,true,7836500,318900,38,59
B-transport-028,char1,1,true,true,5427100,316300,38,59
B-transport-028,char1,2,true,true,7635500,286500,38,59
B-transport-028,char1,3,true,true,7848000,352200,38,59
B-transport-028,char1,4,true,true,8335400,346900,38,59
B-transport-028,char1,5,true,true,6311200,334400,38,59
B-transport-028,char1,6,true,true,8915100,304100,38,59
B-transport-028,char1,7,true,true,5788500,335900,38,59
B-transport-028,char1,8,true,true,7588000,302200,38,59
B-transport-028,char1,9,true,true,5350900,294700,38,59
B-transport-028,char5,0,true,true,1227300,91500,9,12
B-transport-028,char5,1,true,true,1218700,90000,9,12
B-transport-028,char5,2,true,true,1226500,87300,9,12
B-transport-028,char5,3,true,true,1231600,88900,9,12
B-transport-028,char5,4,true,true,1231400,92000,9,12
B-transport-028,char5,5,true,true,2647400,96900,9,12
B-transport-028,char5,6,true,true,1610000,154200,9,12
B-transport-028,char5,7,true,true,1429000,98700,9,12
B-transport-028,char5,8,true,true,1425800,104100,9,12
B-transport-028,char5,9,true,true,1910000,113200,9,12
B-transport-028,random,0,true,true,1638500,159200,10,11
B-transport-028,random,1,true,true,1595800,149000,10,11
B-transport-028,random,2,true,true,1708700,151000,10,11
B-transport-028,random,3,true,true,3605200,167000,10,11
B-transport-028,random,4,true,true,2257700,171800,10,11
B-transport-028,random,5,true,true,1596300,156000,10,11
B-transport-028,random,6,true,true,1533200,150900,10,11
B-transport-028,random,7,true,true,1431700,142300,10,11
B-transport-028,random,8,true,true,1497500,132400,10,11
B-transport-028,random,9,true,true,1424400,134400,10,11
B-transport-028,monolithic,0,true,true,234300,124100,1,1
B-transport-028,monolithic,1,true,true,233800,122600,1,1
B-transport-028,monolithic,2,true,true,232300,120300,1,1
B-transport-028,monolithic,3,true,true,236100,123400,1,1
B-transport-028,monolithic,4,true,true,234200,124100,1,1
B-transport-028,monolithic,5,true,true,231800,121800,1,1
B-transport-028,monolithic,6,true,true,232400,124300,1,1
B-transport-028,monolithic,7,true,true,234100,121700,1,1
B-transport-028,monolithic,8,true,true,231800,121100,1,1
B-transport-028,monolithic,9,true,true,236800,127900,1,1
B-transport-029,char1,0,true,true,7809600,274100,38,59
B-transport-029,char1,1,true,true,5350800,327500,38,59
B-transport-029,char1,2,true,true,7003600,288300,38,59
B-transport-029,char1,3,true,true,7551000,321100,38,59
B-transport-029,char1,4,true,true,7917900,329300,38,59
B-transport-029,char1,5,true,true,6364800,294200,38,59
B-transport-029,char1,6,true,true,7831800,364900,38,59
B-transport-029,char1,7,true,true,5815700,290800,38,59
B-transport-029,char1,8,true,true,7165600,320900,38,59
B-transport-029,char1,9,true,true,6122400,553700,38,59
B-transport-029,char5,0,true,true,1833300,151800,9,12
B-transport-029,char5,1,true,true,1423200,111400,9,12
B-transport-029,char5,2,true,true,1416300,121700,9,12
B-transport-029,char5,3,true,true,1395500,106800,9,12
B-transport-029,char5,4,true,true,2784100,104200,9,12
B-transport-029,char5,5,true,true,1402900,110400,9,12
B-transport-029,char5,6,true,true,1324800,105300,9,12
B-transport-029,char5,7,true,true,1347800,91400,9,12
B-transport-029,char5,8,true,true,1313000,100700,9,12
B-transport-029,char5,9,true,true,1474200,276600,9,12
B-transport-029,random,0,true,true,833700,143000,6,7
B-transport-029,random,1,true,true,827800,141000,6,7
B-transport-029,random,2,true,true,940100,296900,6,7
B-transport-029,random,3,true,true,952600,125600,6,7
B-transport-029,random,4,true,true,1103000,180700,6,7
B-transport-029,random,5,true,true,790300,142900,6,7
B-transport-029,random,6,true,true,2045500,125700,6,7
B-transport-029,random,7,true,true,1014500,335400,6,7
B-transport-029,random,8,true,true,761400,131400,6,7
B-transport-029,random,9,true,true,746300,120300,6,7
B-transport-029,monolithic,0,true,true,232300,120500,1,1
B-transport-029,monolithic,1,true,true,229400,119500,1,1
B-transport-029,monolithic,2,true,true,227800,118800,1,1
B-transport-029,monolithic,3,true,true,236500,124500,1,1
B-transport-029,monolithic,4,true,true,228900,119600,1,1
B-transport-029,monolithic,5,true,true,258600,138200,1,1
B-transport-029,monolithic,6,true,true,241400,129200,1,1
B-transport-029,monolithic,7,true,true,234400,123700,1,1
B-transport-029,monolithic,8,true,true,234600,121800,1,1
B-transport-029,monolithic,9,true,true,234100,123700,1,1
B-transport-030,char1,0,true,true,5872500,283200,38,59
B-transport-030,char1,1,true,true,7077800,338600,38,59
B-transport-030,char1,2,true,true,6177200,318000,38,59
B-transport-030,char1,3,true,true,7287300,305900,38,59
B-transport-030,char1,4,true,true,5684700,314500,38,59
B-transport-030,char1,5,true,true,5863100,298500,38,59
B-transport-030,char1,6,true,true,7980500,365900,38,59
B-transport-030,char1,7,true,true,6331300,300300,38,59
B-transport-030,char1,8,true,true,6976000,307200,38,59
B-transport-030,char1,9,true,true,5423400,288300,38,59
B-transport-030,char5,0,true,true,1274400,94500,9,12
B-transport-030,char5,1,true,true,1573500,92800,9,12
B-transport-030,char5,2,true,true,2701200,96900,9,12
B-transport-030,char5,3,true,true,1524800,159100,9,12
B-transport-030,char5,4,true,true,1371000,115100,9,12
B-transport-030,char5,5,true,true,1339300,99800,9,12
B-transport-030,char5,6,true,true,1630000,94600,9,12
B-transport-030,char5,7,true,true,1457000,172700,9,12
B-transport-030,char5,8,true,true,1228200,105800,9,12
B-transport-030,char5,9,true,true,1243100,89800,9,12
B-transport-030,random,0,true,true,667100,121000,4,6
B-transport-030,random,1,true,true,666500,121800,4,6
B-transport-030,random,2,true,true,671700,123900,4,6
B-transport-030,random,3,true,true,647600,117700,4,6
B-transport-030,random,4,true,true,2198100,118600,4,6
B-transport-030,random,5,true,true,2161200,151500,4,6
B-transport-030,random,6,true,true,736300,130900,4,6
B-transport-030,random,7,true,true,734700,133600,4,6
B-transport-030,random,8,true,true,722300,132000,4,6
B-transport-030,random,9,true,true,717400,129800,4,6
B-transport-030,monolithic,0,true,true,254000,132400,1,1
B-transport-030,monolithic,1,true,true,258400,136900,1,1
B-transport-030,monolithic,2,true,true,257900,137800,1,1
B-transport-030,monolithic,3,true,true,254300,136900,1,1
B-transport-030,monolithic,4,true,true,255000,133700,1,1
B-transport-030,monolithic,5,true,true,252400,133100,1,1
B-transport-030,monolithic,6,true,true,255400,135400,1,1
B-transport-030,monolithic,7,true,true,255300,135200,1,1
B-transport-030,monolithic,8,true,true,252500,131700,1,1
B-transport-030,monolithic,9,true,true,253500,132600,1,1
B-transport-031,char1,0,true,true,8443900,313000,38,59
B-transport-031,char1,1,true,true,7064600,333500,38,59
B-transport-031,char1,2,true,true,12805500,367000,38,59
B-transport-031,char1,3,true,true,7198500,328300,38,59
B-transport-031,char1,4,true,true,7017000,319100,38,59
B-transport-031,char1,5,true,true,5537300,307600,38,59
B-transport-031,char1,6,true,true,5558500,291600,38,59
B-transport-031,char1,7,true,true,8060700,441800,38,59
B-transport-031,char1,8,true,true,4840500,263800,38,59
B-transport-031,char1,9,true,true,8730500,257300,38,59
B-transport-031,char5,0,true,true,1635900,108700,9,12
B-transport-031,char5,1,true,true,1303500,100200,9,12
B-transport-031,char5,2,true,true,1440600,88900,9,12
B-transport-031,char5,3,true,true,1616800,131900,9,12
B-transport-031,char5,4,true,true,1314800,99600,9,12
B-transport-031,char5,5,true,true,1301100,94000,9,12
B-transport-031,char5,6,true,true,1263500,92900,9,12
B-transport-031,char5,7,true,true,3659900,100900,9,12
B-transport-031,char5,8,true,true,1249700,103400,9,12
B-transport-031,char5,9,true,true,1235400,89500,9,12
B-transport-031,random,0,true,true,744800,70300,5,6
B-transport-031,random,1,true,true,746700,70700,5,6
B-transport-031,random,2,true,true,737700,68500,5,6
B-transport-031,random,3,true,true,733200,71800,5,6
B-transport-031,random,4,true,true,730300,71900,5,6
B-transport-031,random,5,true,true,731100,70100,5,6
B-transport-031,random,6,true,true,742100,72900,5,6
B-transport-031,random,7,true,true,737600,69700,5,6
B-transport-031,random,8,true,true,754600,71700,5,6
B-transport-031,random,9,true,true,750900,74700,5,6
B-transport-031,monolithic,0,true,true,235900,124900,1,1
B-transport-031,monolithic,1,true,true,234600,122400,1,1
B-transport-031,monolithic,2,true,true,233100,120800,1,1
B-transport-031,monolithic,3,true,true,236800,123000,1,1
B-transport-031,monolithic,4,true,true,233100,122900,1,1
B-transport-031,monolithic,5,true,true,232400,121900,1,1
B-transport-031,monolithic,6,true,true,1974000,1222100,1,1
B-transport-031,monolithic,7,true,true,273400,143500,1,1
B-transport-031,monolithic,8,true,true,261600,139400,1,1
B-transport-031,monolithic,9,true,true,255800,137100,1,1
B-transport-032,char1,0,true,true,5951900,335300,38,59
B-transport-032,char1,1,true,true,5328500,296200,38,59
B-transport-032,char1,2,true,true,7211700,296000,38,59
B-transport-032,char1,3,true,true,5501200,328600,38,59
B-transport-032,char1,4,true,true,6343700,288800,38,59
B-transport-032,char1,5,true,true,5242300,327000,38,59
B-transport-032,char1,6,true,true,4859900,271000,38,59
B-transport-032,char1,7,true,true,6555400,252700,38,59
B-transport-032,char1,8,true,true,6090500,306000,38,59
B-transport-032,char1,9,true,true,6084100,314400,38,59
B-transport-032,char5,0,true,true,1341800,109100,9,12
B-transport-032,char5,1,true,true,1311300,98400,9,12
B-transport-032,char5,2,true,true,1766700,96400,9,12
B-transport-032,char5,3,true,true,1562200,112000,9,12
B-transport-032,char5,4,true,true,1210300,101500,9,12
B-transport-032,char5,5,true,true,1331800,89900,9,12
B-transport-032,char5,6,true,true,1279800,110100,9,12
B-transport-032,char5,7,true,true,1240400,96500,9,12
B-transport-032,char5,8,true,true,1229400,94800,9,12
B-transport-032,char5,9,true,true,2061700,94700,9,12
B-transport-032,random,0,true,true,1122800,105900,7,9
B-transport-032,random,1,true,true,1036100,97200,7,9
B-transport-032,random,2,true,true,1053800,85600,7,9
B-transport-032,random,3,true,true,1031900,97000,7,9
B-transport-032,random,4,true,true,1324500,94700,7,9
B-transport-032,random,5,true,true,1004500,96800,7,9
B-transport-032,random,6,true,true,954600,83500,7,9
B-transport-032,random,7,true,true,959800,83000,7,9
B-transport-032,random,8,true,true,950500,81300,7,9
B-transport-032,random,9,true,true,1414700,79000,7,9
B-transport-032,monolithic,0,true,true,324000,191100,1,1
B-transport-032,monolithic,1,true,true,271700,142200,1,1
B-transport-032,monolithic,2,true,true,262400,137100,1,1
B-transport-032,monolithic,3,true,true,260300,137900,1,1
B-transport-032,monolithic,4,true,true,262200,137800,1,1
B-transport-032,monolithic,5,true,true,262500,139700,1,1
B-transport-032,monolithic,6,true,true,259200,135900,1,1
B-transport-032,monolithic,7,true,true,259400,136000,1,1
B-transport-032,monolithic,8,true,true,260600,137400,1,1
B-transport-032,monolithic,9,true,true,740300,456600,1,1
B-transport-033,char1,0,true,true,5562200,304700,38,59
B-transport-033,char1,1,true,true,6117200,312200,38,59
B-transport-033,char1,2,true,true,6937600,319100,38,59
B-transport-033,char1,3,true,true,5949500,555700,38,59
B-transport-033,char1,4,true,true,6280100,298500,38,59
B-transport-033,char1,5,true,true,4939500,272900,38,59
B-transport-033,char1,6,true,true,6187600,259700,38,59
B-transport-033,char1,7,true,true,7397300,313300,38,59
B-transport-033,char1,8,true,true,5575700,300800,38,59
B-transport-033,char1,9,true,true,7372000,285700,38,59
B-transport-033,char5,0,true,true,1334200,115400,9,12
B-transport-033,char5,1,true,true,1294600,92800,9,12
B-transport-033,char5,2,true,true,1402800,93000,9,12
B-transport-033,char5,3,true,true,1645400,295400,9,12
B-transport-033,char5,4,true,true,1344600,104800,9,12
B-transport-033,char5,5,true,true,1327200,99100,9,12
B-transport-033,char5,6,true,true,1625600,127000,9,12
B-transport-033,char5,7,true,true,3667500,106000,9,12
B-transport-033,char5,8,true,true,1277000,111700,9,12
B-transport-033,char5,9,true,true,1233600,97300,9,12
B-transport-033,random,0,true,true,899800,145400,8,11
B-transport-033,random,1,true,true,922900,142400,8,11
B-transport-033,random,2,true,true,928700,178600,8,11
B-transport-033,random,3,true,true,878300,134100,8,11
B-transport-033,random,4,true,true,880300,134300,8,11
B-transport-033,random,5,true,true,874200,134700,8,11
B-transport-033,random,6,true,true,898000,144500,8,11
B-transport-033,random,7,true,true,1109400,137300,8,11
B-transport-033,random,8,true,true,964500,198200,8,11
B-transport-033,random,9,true,true,875700,134300,8,11
B-transport-033,monolithic,0,true,true,233500,121400,1,1
B-transport-033,monolithic,1,true,true,1450800,123100,1,1
B-transport-033,monolithic,2,true,true,304300,145600,1,1
B-transport-033,monolithic,3,true,true,259000,138100,1,1
B-transport-033,monolithic,4,true,true,252300,131400,1,1
B-transport-033,monolithic,5,true,true,254600,132500,1,1
B-transport-033,monolithic,6,true,true,254200,136200,1,1
B-transport-033,monolithic,7,true,true,249100,131400,1,1
B-transport-033,monolithic,8,true,true,249900,130500,1,1
B-transport-033,monolithic,9,true,true,247400,128900,1,1
B-transport-034,char1,0,true,true,6374600,315400,38,59
B-transport-034,char1,1,true,true,8219300,403900,38,59
B-transport-034,char1,2,true,true,6184300,341500,38,59
B-transport-034,char1,3,true,true,5926700,292100,38,59
B-transport-034,char1,4,true,true,6848700,1373200,38,59
B-transport-034,char1,5,true,true,5465200,298300,38,59
B-transport-034,char1,6,true,true,7313500,284800,38,59
B-transport-034,char1,7,true,true,5600000,322000,38,59
B-transport-034,char1,8,true,true,7296200,292600,38,59
B-transport-034,char1,9,true,true,8158700,362900,38,59
B-transport-034,char5,0,true,true,2087000,119200,9,12
B-transport-034,char5,1,true,true,1356000,109000,9,12
B-transport-034,char5,2,true,true,5015100,99300,9,12
B-transport-034,char5,3,true,true,1735600,162000,9,12
B-transport-034,char5,4,true,true,2718600,381500,9,12
B-transport-034,char5,5,true,true,2061600,109400,9,12
B-transport-034,char5,6,true,true,1910800,148300,9,12
B-transport-034,char5,7,true,true,1370900,95500,9,12
B-transport-034,char5,8,true,true,4728800,91900,9,12
B-transport-034,char5,9,true,true,2399100,156700,9,12
B-transport-034,random,0,true,true,1238300,219700,6,11
B-transport-034,random,1,true,true,924900,146900,6,11
B-transport-034,random,2,true,true,1690300,709700,6,11
B-transport-034,random,3,true,true,1070500,386000,6,11
B-transport-034,random,4,true,true,757100,181300,6,11
B-transport-034,random,5,true,true,859600,147000,6,11
B-transport-034,random,6,true,true,871100,252300,6,11
B-transport-034,random,7,true,true,762700,165900,6,11
B-transport-034,random,8,true,true,2056000,165200,6,11
B-transport-034,random,9,true,true,773400,182800,6,11
B-transport-034,monolithic,0,true,true,263100,134100,1,1
B-transport-034,monolithic,1,true,true,266000,134800,1,1
B-transport-034,monolithic,2,true,true,296800,129700,1,1
B-transport-034,monolithic,3,true,true,262100,141600,1,1
B-transport-034,monolithic,4,true,true,255800,137600,1,1
B-transport-034,monolithic,5,true,true,260100,137000,1,1
B-transport-034,monolithic,6,true,true,262500,136500,1,1
B-transport-034,monolithic,7,true,true,263700,137900,1,1
B-transport-034,monolithic,8,true,true,796300,575500,1,1
B-transport-034,monolithic,9,true,true,275700,152800,1,1
B-transport-035,char1,0,true,true,5733800,328700,38,59
B-transport-035,char1,1,true,true,6708300,285800,38,59
B-transport-035,char1,2,true,true,6146300,267300,38,59
B-transport-035,char1,3,true,true,7429000,343300,38,59
B-transport-035,char1,4,true,true,6087900,293300,38,59
B-transport-035,char1,5,true,true,5974700,301300,38,59
B-transport-035,char1,6,true,true,7097000,329500,38,59
B-transport-035,char1,7,true,true,7484800,416500,38,59
B-transport-035,char1,8,true,true,7756900,313900,38,59
B-transport-035,char1,9,true,true,6644600,333800,38,59
B-transport-035,char5,0,true,true,2066400,100500,9,12
B-transport-035,char5,1,true,true,3188500,105000,9,12
B-transport-035,char5,2,true,true,1330800,118000,9,12
B-transport-035,char5,3,true,true,1263800,91200,9,12
B-transport-035,char5,4,true,true,1206500,91800,9,12
B-transport-035,char5,5,true,true,1250300,89300,9,12
B-transport-035,char5,6,true,true,1281600,93800,9,12
B-transport-035,char5,7,true,true,1412900,95300,9,12
B-transport-035,char5,8,true,true,1435500,107200,9,12
B-transport-035,char5,9,true,true,1263800,106700,9,12
B-transport-035,random,0,true,true,757000,86900,5,6
B-transport-035,random,1,true,true,685200,80500,5,6
B-transport-035,random,2,true,true,689700,80200,5,6
B-transport-035,random,3,true,true,698300,81000,5,6
B-transport-035,random,4,true,true,732200,79100,5,6
B-transport-035,random,5,true,true,732400,86800,5,6
B-transport-035,random,6,true,true,741400,86500,5,6
B-transport-035,random,7,true,true,731300,85100,5,6
B-transport-035,random,8,true,true,737400,85500,5,6
B-transport-035,random,9,true,true,736700,85000,5,6
B-transport-035,monolithic,0,true,true,249200,130700,1,1
B-transport-035,monolithic,1,true,true,242100,125600,1,1
B-transport-035,monolithic,2,true,true,245100,130700,1,1
B-transport-035,monolithic,3,true,true,242800,128400,1,1
B-transport-035,monolithic,4,true,true,242800,128200,1,1
B-transport-035,monolithic,5,true,true,241300,126400,1,1
B-transport-035,monolithic,6,true,true,241900,126500,1,1
B-transport-035,monolithic,7,true,true,242900,126500,1,1
B-transport-035,monolithic,8,true,true,251000,132100,1,1
B-transport-035,monolithic,9,true,true,279700,124600,1,1
B-transport-036,char1,0,true,true,7235700,298800,38,59
B-transport-036,char1,1,true,true,6016100,301300,38,59
B-transport-036,char1,2,true,true,20011200,300300,38,59
B-transport-036,char1,3,true,true,8183400,311200,38,59
B-transport-036,char1,4,true,true,6107200,318900,38,59
B-transport-036,char1,5,true,true,6551400,588400,38,59
B-transport-036,char1,6,true,true,8869600,1566900,38,59
B-transport-036,char1,7,true,true,8312100,324800,38,59
B-transport-036,char1,8,true,true,5850200,338600,38,59
B-transport-036,char1,9,true,true,7650500,317400,38,59
B-transport-036,char5,0,true,true,2230900,278500,9,12
B-transport-036,char5,1,true,true,1448900,132000,9,12
B-transport-036,char5,2,true,true,1440100,118400,9,12
B-transport-036,char5,3,true,true,1411800,118100,9,12
B-transport-036,char5,4,true,true,1371300,110300,9,12
B-transport-036,char5,5,true,true,1522300,102500,9,12
B-transport-036,char5,6,true,true,1390700,101500,9,12
B-transport-036,char5,7,true,true,1604000,108500,9,12
B-transport-036,char5,8,true,true,3640800,98600,9,12
B-transport-036,char5,9,true,true,1463400,142100,9,12
B-transport-036,random,0,true,true,904200,86400,5,6
B-transport-036,random,1,true,true,941900,148600,5,6
B-transport-036,random,2,true,true,797300,94200,5,6
B-transport-036,random,3,true,true,1030700,86900,5,6
B-transport-036,random,4,true,true,978900,99400,5,6
B-transport-036,random,5,true,true,885900,115100,5,6
B-transport-036,random,6,true,true,806800,90800,5,6
B-transport-036,random,7,true,true,718600,86400,5,6
B-transport-036,random,8,true,true,759800,84100,5,6
B-transport-036,random,9,true,true,837400,101000,5,6
B-transport-036,monolithic,0,true,true,281300,153000,1,1
B-transport-036,monolithic,1,true,true,268400,134600,1,1
B-transport-036,monolithic,2,true,true,260600,139000,1,1
B-transport-036,monolithic,3,true,true,256300,132500,1,1
B-transport-036,monolithic,4,true,true,316600,135400,1,1
B-transport-036,monolithic,5,true,true,442200,182800,1,1
B-transport-036,monolithic,6,true,true,1695100,1172000,1,1
B-transport-036,monolithic,7,true,true,547100,330300,1,1
B-transport-036,monolithic,8,true,true,260500,144900,1,1
B-transport-036,monolithic,9,true,true,243700,130000,1,1
B-transport-037,char1,0,true,true,5637800,286100,38,59
B-transport-037,char1,1,true,true,7021700,316000,38,59
B-transport-037,char1,2,true,true,6796600,966900,38,59
B-transport-037,char1,3,true,true,5761200,350200,38,59
B-transport-037,char1,4,true,true,8728600,316000,38,59
B-transport-037,char1,5,true,true,5745800,334200,38,59
B-transport-037,char1,6,true,true,8137600,305900,38,59
B-transport-037,char1,7,true,true,6003900,343500,38,59
B-transport-037,char1,8,true,true,7790300,329800,38,59
B-transport-037,char1,9,true,true,5988600,313000,38,59
B-transport-037,char5,0,true,true,1317500,112000,9,12
B-transport-037,char5,1,true,true,1272500,94200,9,12
B-transport-037,char5,2,true,true,1545600,92100,9,12
B-transport-037,char5,3,true,true,1880300,105100,9,12
B-transport-037,char5,4,true,true,1308500,101400,9,12
B-transport-037,char5,5,true,true,1321500,100600,9,12
B-transport-037,char5,6,true,true,2114500,633700,9,12
B-transport-037,char5,7,true,true,1135300,92000,9,12
B-transport-037,char5,8,true,true,1102900,81100,9,12
B-transport-037,char5,9,true,true,1394200,80100,9,12
B-transport-037,random,0,true,true,925500,80500,5,6
B-transport-037,random,1,true,true,671600,81400,5,6
B-transport-037,random,2,true,true,675100,80400,5,6
B-transport-037,random,3,true,true,703500,80700,5,6
B-transport-037,random,4,true,true,667700,79500,5,6
B-transport-037,random,5,true,true,2395100,79400,5,6
B-transport-037,random,6,true,true,777600,99800,5,6
B-transport-037,random,7,true,true,758400,94600,5,6
B-transport-037,random,8,true,true,740000,88000,5,6
B-transport-037,random,9,true,true,729600,88500,5,6
B-transport-037,monolithic,0,true,true,235800,125600,1,1
B-transport-037,monolithic,1,true,true,235500,123600,1,1
B-transport-037,monolithic,2,true,true,234800,122300,1,1
B-transport-037,monolithic,3,true,true,244300,133800,1,1
B-transport-037,monolithic,4,true,true,236800,122300,1,1
B-transport-037,monolithic,5,true,true,474600,123800,1,1
B-transport-037,monolithic,6,true,true,269200,148600,1,1
B-transport-037,monolithic,7,true,true,243000,128900,1,1
B-transport-037,monolithic,8,true,true,256400,133400,1,1
B-transport-037,monolithic,9,true,true,256100,139300,1,1
B-transport-038,char1,0,true,true,6806200,352400,38,59
B-transport-038,char1,1,true,true,8248400,417800,38,59
B-transport-038,char1,2,true,true,6149200,326500,38,59
B-transport-038,char1,3,true,true,6810400,276000,38,59
B-transport-038,char1,4,true,true,5507700,439400,38,59
B-transport-038,char1,5,true,true,5994300,266600,38,59
B-transport-038,char1,6,true,true,5057900,272900,38,59
B-transport-038,char1,7,true,true,5846200,255400,38,59
B-transport-038,char1,8,true,true,7494600,296400,38,59
B-transport-038,char1,9,true,true,6015200,332400,38,59
B-transport-038,char5,0,true,true,1153700,90900,9,12
B-transport-038,char5,1,true,true,1123400,84100,9,12
B-transport-038,char5,2,true,true,1301100,264000,9,12
B-transport-038,char5,3,true,true,2414800,230000,9,12
B-transport-038,char5,4,true,true,1667500,123700,9,12
B-transport-038,char5,5,true,true,1154700,96500,9,12
B-transport-038,char5,6,true,true,1121000,80600,9,12
B-transport-038,char5,7,true,true,1657700,86000,9,12
B-transport-038,char5,8,true,true,1248000,97300,9,12
B-transport-038,char5,9,true,true,1197400,91300,9,12
B-transport-038,random,0,true,true,654900,62700,5,7
B-transport-038,random,1,true,true,625800,67600,5,7
B-transport-038,random,2,true,true,987700,66000,5,7
B-transport-038,random,3,true,true,732500,104700,5,7
B-transport-038,random,4,true,true,674900,65900,5,7
B-transport-038,random,5,true,true,682300,75800,5,7
B-transport-038,random,6,true,true,726600,79300,5,7
B-transport-038,random,7,true,true,1084900,82500,5,7
B-transport-038,random,8,true,true,694300,75900,5,7
B-transport-038,random,9,true,true,703400,78100,5,7
B-transport-038,monolithic,0,true,true,263000,140000,1,1
B-transport-038,monolithic,1,true,true,260700,139500,1,1
B-transport-038,monolithic,2,true,true,256800,134100,1,1
B-transport-038,monolithic,3,true,true,257300,135900,1,1
B-transport-038,monolithic,4,true,true,254900,135200,1,1
B-transport-038,monolithic,5,true,true,252300,132400,1,1
B-transport-038,monolithic,6,true,true,253200,131800,1,1
B-transport-038,monolithic,7,true,true,253800,133500,1,1
B-transport-038,monolithic,8,true,true,256600,134300,1,1
B-transport-038,monolithic,9,true,true,248800,131800,1,1
B-transport-039,char1,0,true,true,7365800,312300,38,59
B-transport-039,char1,1,true,true,6417700,327900,38,59
B-transport-039,char1,2,true,true,7455100,362500,38,59
B-transport-039,char1,3,true,true,5803900,313300,38,59
B-transport-039,char1,4,true,true,6070000,272400,38,59
B-transport-039,char1,5,true,true,5261800,433400,38,59
B-transport-039,char1,6,true,true,5027200,383000,38,59
B-transport-039,char1,7,true,true,5782600,260200,38,59
B-transport-039,char1,8,true,true,4902500,272600,38,59
B-transport-039,char1,9,true,true,5300000,253500,38,59
B-transport-039,char5,0,true,true,1152500,90200,9,12
B-transport-039,char5,1,true,true,1120800,83600,9,12
B-transport-039,char5,2,true,true,2745800,81100,9,12
B-transport-039,char5,3,true,true,1412200,116900,9,12
B-transport-039,char5,4,true,true,1296100,102800,9,12
B-transport-039,char5,5,true,true,1324800,96800,9,12
B-transport-039,char5,6,true,true,1213600,101100,9,12
B-transport-039,char5,7,true,true,1588400,82500,9,12
B-transport-039,char5,8,true,true,1139900,88300,9,12
B-transport-039,char5,9,true,true,1112500,82000,9,12
B-transport-039,random,0,true,true,737200,60500,6,8
B-transport-039,random,1,true,true,729600,58800,6,8
B-transport-039,random,2,true,true,733200,60400,6,8
B-transport-039,random,3,true,true,799600,59100,6,8
B-transport-039,random,4,true,true,2120600,77900,6,8
B-transport-039,random,5,true,true,889300,84200,6,8
B-transport-039,random,6,true,true,869800,78900,6,8
B-transport-039,random,7,true,true,791800,72300,6,8
B-transport-039,random,8,true,true,774000,66700,6,8
B-transport-039,random,9,true,true,783900,66700,6,8
B-transport-039,monolithic,0,true,true,262300,149900,1,1
B-transport-039,monolithic,1,true,true,257800,143100,1,1
B-transport-039,monolithic,2,true,true,244500,126500,1,1
B-transport-039,monolithic,3,true,true,285200,139300,1,1
B-transport-039,monolithic,4,true,true,258500,140400,1,1
B-transport-039,monolithic,5,true,true,240300,129900,1,1
B-transport-039,monolithic,6,true,true,233800,123800,1,1
B-transport-039,monolithic,7,true,true,239700,123100,1,1
B-transport-039,monolithic,8,true,true,256000,122000,1,1
B-transport-039,monolithic,9,true,true,236500,125100,1,1
B-transport-040,char1,0,true,true,7925900,289900,38,59
B-transport-040,char1,1,true,true,5600100,280100,38,59
B-transport-040,char1,2,true,true,6131700,318900,38,59
B-transport-040,char1,3,true,true,6934600,344000,38,59
B-transport-040,char1,4,true,true,5209900,456200,38,59
B-transport-040,char1,5,true,true,7920700,338100,38,59
B-transport-040,char1,6,true,true,5655300,297500,38,59
B-transport-040,char1,7,true,true,5888300,304800,38,59
B-transport-040,char1,8,true,true,5971300,407000,38,59
B-transport-040,char1,9,true,true,5983100,321700,38,59
B-transport-040,char5,0,true,true,1485000,104100,9,12
B-transport-040,char5,1,true,true,1684700,103200,9,12
B-transport-040,char5,2,true,true,1137800,87000,9,12
B-transport-040,char5,3,true,true,1335300,88100,9,12
B-transport-040,char5,4,true,true,2766900,226300,9,12
B-transport-040,char5,5,true,true,1359600,117500,9,12
B-transport-040,char5,6,true,true,1416300,111800,9,12
B-transport-040,char5,7,true,true,1496500,122000,9,12
B-transport-040,char5,8,true,true,1478400,123000,9,12
B-transport-040,char5,9,true,true,1381700,109500,9,12
B-transport-040,random,0,true,true,3536200,86300,5,7
B-transport-040,random,1,true,true,946800,108500,5,7
B-transport-040,random,2,true,true,895000,97400,5,7
B-transport-040,random,3,true,true,817700,82600,5,7
B-transport-040,random,4,true,true,867600,88800,5,7
B-transport-040,random,5,true,true,821000,87800,5,7
B-transport-040,random,6,true,true,842600,90500,5,7
B-transport-040,random,7,true,true,831300,82300,5,7
B-transport-040,random,8,true,true,847400,85300,5,7
B-transport-040,random,9,true,true,869700,88700,5,7
B-transport-040,monolithic,0,true,true,240400,127700,1,1
B-transport-040,monolithic,1,true,true,260900,142300,1,1
B-transport-040,monolithic,2,true,true,237000,125000,1,1
B-transport-040,monolithic,3,true,true,238100,124000,1,1
B-transport-040,monolithic,4,true,true,233700,122200,1,1
B-transport-040,monolithic,5,true,true,247500,125100,1,1
B-transport-040,monolithic,6,true,true,286100,157300,1,1
B-transport-040,monolithic,7,true,true,641000,373400,1,1
B-transport-040,monolithic,8,true,true,305800,185500,1,1
B-transport-040,monolithic,9,true,true,264400,141100,1,1
B-transport-041,char1,0,true,true,7033800,357000,38,59
B-transport-041,char1,1,true,true,4850900,265300,38,59
B-transport-041,char1,2,true,true,7180600,256000,38,59
B-transport-041,char1,3,true,true,7310800,411300,38,59
B-transport-041,char1,4,true,true,6667300,267900,38,59
B-transport-041,char1,5,true,true,7700900,322400,38,59
B-transport-041,char1,6,true,true,6198600,325400,38,59
B-transport-041,char1,7,true,true,5480600,325000,38,59
B-transport-041,char1,8,true,true,5358000,264700,38,59
B-transport-041,char1,9,true,true,6856400,277400,38,59
B-transport-041,char5,0,true,true,1766500,90400,9,12
B-transport-041,char5,1,true,true,1911100,140500,9,12
B-transport-041,char5,2,true,true,1134500,90700,9,12
B-transport-041,char5,3,true,true,1397400,81700,9,12
B-transport-041,char5,4,true,true,1127800,88100,9,12
B-transport-041,char5,5,true,true,1537300,82100,9,12
B-transport-041,char5,6,true,true,1116300,81900,9,12
B-transport-041,char5,7,true,true,1116600,82600,9,12
B-transport-041,char5,8,true,true,3374600,454500,9,12
B-transport-041,char5,9,true,true,1134300,87100,9,12
B-transport-041,random,0,true,true,799000,90500,4,6
B-transport-041,random,1,true,true,625400,115100,4,6
B-transport-041,random,2,true,true,582600,88700,4,6
B-transport-041,random,3,true,true,578000,84700,4,6
B-transport-041,random,4,true,true,577600,83700,4,6
B-transport-041,random,5,true,true,572700,84700,4,6
B-transport-041,random,6,true,true,571100,84300,4,6
B-transport-041,random,7,true,true,570500,83500,4,6
B-transport-041,random,8,true,true,574100,84600,4,6
B-transport-041,random,9,true,true,574700,83300,4,6
B-transport-041,monolithic,0,true,true,217900,115800,1,1
B-transport-041,monolithic,1,true,true,251600,148300,1,1
B-transport-041,monolithic,2,true,true,215700,111900,1,1
B-transport-041,monolithic,3,true,true,217100,112800,1,1
B-transport-041,monolithic,4,true,true,217800,112100,1,1
B-transport-041,monolithic,5,true,true,216900,113200,1,1
B-transport-041,monolithic,6,true,true,214600,112500,1,1
B-transport-041,monolithic,7,true,true,217000,111000,1,1
B-transport-041,monolithic,8,true,true,216900,112800,1,1
B-transport-041,monolithic,9,true,true,215700,113200,1,1
B-transport-042,char1,0,true,true,6722200,258700,38,59
B-transport-042,char1,1,true,true,5961900,264800,38,59
B-transport-042,char1,2,true,true,5102500,283300,38,59
B-transport-042,char1,3,true,true,6003800,823900,38,59
B-transport-042,char1,4,true,true,5511400,316900,38,59
B-transport-042,char1,5,true,true,5625800,276100,38,59
B-transport-042,char1,6,true,true,4900600,262600,38,59
B-transport-042,char1,7,true,true,5085500,256500,38,59
B-transport-042,char1,8,true,true,5997700,272600,38,59
B-transport-042,char1,9,true,true,4855600,262600,38,59
B-transport-042,char5,0,true,true,1557000,84400,9,12
B-transport-042,char5,1,true,true,1149200,92800,9,12
B-transport-042,char5,2,true,true,1326200,79700,9,12
B-transport-042,char5,3,true,true,1148900,121500,9,12
B-transport-042,char5,4,true,true,1095000,79400,9,12
B-transport-042,char5,5,true,true,1172700,79600,9,12
B-transport-042,char5,6,true,true,1819900,91200,9,12
B-transport-042,char5,7,true,true,1116300,89800,9,12
B-transport-042,char5,8,true,true,1114700,80000,9,12
B-transport-042,char5,9,true,true,1322000,82400,9,12
B-transport-042,random,0,true,true,676600,89000,6,6
B-transport-042,random,1,true,true,658900,83200,6,6
B-transport-042,random,2,true,true,657500,80400,6,6
B-transport-042,random,3,true,true,665500,80300,6,6
B-transport-042,random,4,true,true,664400,80400,6,6
B-transport-042,random,5,true,true,657600,80600,6,6
B-transport-042,random,6,true,true,659900,80600,6,6
B-transport-042,random,7,true,true,948800,80700,6,6
B-transport-042,random,8,true,true,683700,95400,6,6
B-transport-042,random,9,true,true,660400,84400,6,6
B-transport-042,monolithic,0,true,true,215200,112900,1,1
B-transport-042,monolithic,1,true,true,213400,111900,1,1
B-transport-042,monolithic,2,true,true,213800,111400,1,1
B-transport-042,monolithic,3,true,true,213000,110900,1,1
B-transport-042,monolithic,4,true,true,214800,112800,1,1
B-transport-042,monolithic,5,true,true,212500,111400,1,1
B-transport-042,monolithic,6,true,true,213100,111700,1,1
B-transport-042,monolithic,7,true,true,213300,111200,1,1
B-transport-042,monolithic,8,true,true,222700,120300,1,1
B-transport-042,monolithic,9,true,true,1654500,488500,1,1
B-transport-043,char1,0,true,true,5701100,288000,38,59
B-transport-043,char1,1,true,true,5785300,292900,38,59
B-transport-043,char1,2,true,true,7699600,303800,38,59
B-transport-043,char1,3,true,true,4848900,266400,38,59
B-transport-043,char1,4,true,true,7104200,266700,38,59
B-transport-043,char1,5,true,true,7371900,574400,38,59
B-transport-043,char1,6,true,true,7281800,312400,38,59
B-transport-043,char1,7,true,true,6096400,475700,38,59
B-transport-043,char1,8,true,true,5346900,298300,38,59
B-transport-043,char1,9,true,true,9135700,287100,38,59
B-transport-043,char5,0,true,true,1386000,113800,9,12
B-transport-043,char5,1,true,true,1362400,100200,9,12
B-transport-043,char5,2,true,true,1366200,102600,9,12
B-transport-043,char5,3,true,true,1353300,103600,9,12
B-transport-043,char5,4,true,true,1302400,95700,9,12
B-transport-043,char5,5,true,true,3795600,118600,9,12
B-transport-043,char5,6,true,true,1616500,98000,9,12
B-transport-043,char5,7,true,true,1377000,97400,9,12
B-transport-043,char5,8,true,true,2116400,129900,9,12
B-transport-043,char5,9,true,true,1402100,119700,9,12
B-transport-043,random,0,true,true,801400,117900,6,6
B-transport-043,random,1,true,true,773700,102500,6,6
B-transport-043,random,2,true,true,764200,97600,6,6
B-transport-043,random,3,true,true,759700,97100,6,6
B-transport-043,random,4,true,true,785900,101100,6,6
B-transport-043,random,5,true,true,748200,95800,6,6
B-transport-043,random,6,true,true,1962500,97400,6,6
B-transport-043,random,7,true,true,1106700,123800,6,6
B-transport-043,random,8,true,true,808700,118700,6,6
B-transport-043,random,9,true,true,731300,99400,6,6
B-transport-043,monolithic,0,true,true,230600,121600,1,1
B-transport-043,monolithic,1,true,true,230200,124400,1,1
B-transport-043,monolithic,2,true,true,225600,117700,1,1
B-transport-043,monolithic,3,true,true,224000,118000,1,1
B-transport-043,monolithic,4,true,true,235900,124100,1,1
B-transport-043,monolithic,5,true,true,243700,129400,1,1
B-transport-043,monolithic,6,true,true,233800,125300,1,1
B-transport-043,monolithic,7,true,true,231100,121200,1,1
B-transport-043,monolithic,8,true,true,234900,120200,1,1
B-transport-043,monolithic,9,true,true,240600,128400,1,1
B-transport-044,char1,0,true,true,5357200,285400,38,59
B-transport-044,char1,1,true,true,7187500,298500,38,59
B-transport-044,char1,2,true,true,6127200,297600,38,59
B-transport-044,char1,3,true,true,6954800,351100,38,59
B-transport-044,char1,4,true,true,7390600,315800,38,59
B-transport-044,char1,5,true,true,5627500,292700,38,59
B-transport-044,char1,6,true,true,8110600,309400,38,59
B-transport-044,char1,7,true,true,11795600,516000,38,59
B-transport-044,char1,8,true,true,7757800,519500,38,59
B-transport-044,char1,9,true,true,5490200,324600,38,59
B-transport-044,char5,0,true,true,1633000,224500,9,12
B-transport-044,char5,1,true,true,1379400,98000,9,12
B-transport-044,char5,2,true,true,1732800,105300,9,12
B-transport-044,char5,3,true,true,1282700,157000,9,12
B-transport-044,char5,4,true,true,1111800,83300,9,12
B-transport-044,char5,5,true,true,1102000,81100,9,12
B-transport-044,char5,6,true,true,1112500,82000,9,12
B-transport-044,char5,7,true,true,1127800,80900,9,12
B-transport-044,char5,8,true,true,1107400,81100,9,12
B-transport-044,char5,9,true,true,1107300,80700,9,12
B-transport-044,random,0,true,true,704400,95900,6,6
B-transport-044,random,1,true,true,697800,94700,6,6
B-transport-044,random,2,true,true,1381800,99200,6,6
B-transport-044,random,3,true,true,787500,111900,6,6
B-transport-044,random,4,true,true,753900,105100,6,6
B-transport-044,random,5,true,true,763900,99800,6,6
B-transport-044,random,6,true,true,791200,112200,6,6
B-transport-044,random,7,true,true,1062200,105600,6,6
B-transport-044,random,8,true,true,854700,122700,6,6
B-transport-044,random,9,true,true,856200,114000,6,6
B-transport-044,monolithic,0,true,true,270700,144900,1,1
B-transport-044,monolithic,1,true,true,258600,137100,1,1
B-transport-044,monolithic,2,true,true,267900,141000,1,1
B-transport-044,monolithic,3,true,true,262700,139300,1,1
B-transport-044,monolithic,4,true,true,267100,141800,1,1
B-transport-044,monolithic,5,true,true,263100,138200,1,1
B-transport-044,monolithic,6,true,true,263300,137600,1,1
B-transport-044,monolithic,7,true,true,268300,145900,1,1
B-transport-044,monolithic,8,true,true,261500,137400,1,1
B-transport-044,monolithic,9,true,true,262300,137400,1,1
B-transport-045,char1,0,true,true,7378100,317300,38,59
B-transport-045,char1,1,true,true,8905200,328700,38,59
B-transport-045,char1,2,true,true,6811800,335100,38,59
B-transport-045,char1,3,true,true,5191700,263800,38,59
B-transport-045,char1,4,true,true,4889400,271200,38,59
B-transport-045,char1,5,true,true,7128600,271800,38,59
B-transport-045,char1,6,true,true,5867700,323300,38,59
B-transport-045,char1,7,true,true,8648900,328400,38,59
B-transport-045,char1,8,true,true,5468700,276100,38,59
B-transport-045,char1,9,true,true,4860900,265300,38,59
B-transport-045,char5,0,true,true,2267700,84100,9,12
B-transport-045,char5,1,true,true,1208100,99900,9,12
B-transport-045,char5,2,true,true,1448900,280500,9,12
B-transport-045,char5,3,true,true,1238400,96000,9,12
B-transport-045,char5,4,true,true,1224600,96800,9,12
B-transport-045,char5,5,true,true,1221800,93900,9,12
B-transport-045,char5,6,true,true,1270500,93100,9,12
B-transport-045,char5,7,true,true,1622500,93300,9,12
B-transport-045,char5,8,true,true,1377000,126100,9,12
B-transport-045,char5,9,true,true,1363200,103500,9,12
B-transport-045,random,0,true,true,2758200,147400,8,8
B-transport-045,random,1,true,true,862000,123700,8,8
B-transport-045,random,2,true,true,850300,115000,8,8
B-transport-045,random,3,true,true,845300,114000,8,8
B-transport-045,random,4,true,true,842600,113200,8,8
B-transport-045,random,5,true,true,841600,112100,8,8
B-transport-045,random,6,true,true,838300,111600,8,8
B-transport-045,random,7,true,true,843600,112500,8,8
B-transport-045,random,8,true,true,838400,112300,8,8
B-transport-045,random,9,true,true,855000,118700,8,8
B-transport-045,monolithic,0,true,true,236800,125600,1,1
B-transport-045,monolithic,1,true,true,236800,125200,1,1
B-transport-045,monolithic,2,true,true,243000,130700,1,1
B-transport-045,monolithic,3,true,true,236700,122100,1,1
B-transport-045,monolithic,4,true,true,479900,123400,1,1
B-transport-045,monolithic,5,true,true,277200,158000,1,1
B-transport-045,monolithic,6,true,true,263200,141200,1,1
B-transport-045,monolithic,7,true,true,256400,135300,1,1
B-transport-045,monolithic,8,true,true,254900,133700,1,1
B-transport-045,monolithic,9,true,true,271200,148800,1,1
B-transport-046,char1,0,true,true,6588900,311500,38,59
B-transport-046,char1,1,true,true,5542600,277900,38,59
B-transport-046,char1,2,true,true,8302800,291600,38,59
B-transport-046,char1,3,true,true,5418900,302600,38,59
B-transport-046,char1,4,true,true,5613100,294500,38,59
B-transport-046,char1,5,true,true,7412300,308800,38,59
B-transport-046,char1,6,true,true,6222900,348500,38,59
B-transport-046,char1,7,true,true,8810800,337700,38,59
B-transport-046,char1,8,true,true,5804800,301200,38,59
B-transport-046,char1,9,true,true,6483000,268400,38,59
B-transport-046,char5,0,true,true,1157700,89800,9,12
B-transport-046,char5,1,true,true,1119500,83500,9,12
B-transport-046,char5,2,true,true,1116600,80300,9,12
B-transport-046,char5,3,true,true,1118200,82900,9,12
B-transport-046,char5,4,true,true,1117800,81300,9,12
B-transport-046,char5,5,true,true,1111300,80700,9,12
B-transport-046,char5,6,true,true,1115900,82000,9,12
B-transport-046,char5,7,true,true,1122200,80400,9,12
B-transport-046,char5,8,true,true,1152300,82300,9,12
B-transport-046,char5,9,true,true,1122200,81300,9,12
B-transport-046,random,0,true,true,761600,98900,6,7
B-transport-046,random,1,true,true,2708800,645900,6,7
B-transport-046,random,2,true,true,836400,121900,6,7
B-transport-046,random,3,true,true,812200,109100,6,7
B-transport-046,random,4,true,true,809500,107400,6,7
B-transport-046,random,5,true,true,814900,105800,6,7
B-transport-046,random,6,true,true,815900,105300,6,7
B-transport-046,random,7,true,true,815300,107700,6,7
B-transport-046,random,8,true,true,825500,106000,6,7
B-transport-046,random,9,true,true,826800,112200,6,7
B-transport-046,monolithic,0,true,true,232000,122700,1,1
B-transport-046,monolithic,1,true,true,231600,121100,1,1
B-transport-046,monolithic,2,true,true,234500,121300,1,1
B-transport-046,monolithic,3,true,true,232900,119700,1,1
B-transport-046,monolithic,4,true,true,236500,128900,1,1
B-transport-046,monolithic,5,true,true,217100,113900,1,1
B-transport-046,monolithic,6,true,true,217700,114600,1,1
B-transport-046,monolithic,7,true,true,216500,110600,1,1
B-transport-046,monolithic,8,true,true,214500,113200,1,1
B-transport-046,monolithic,9,true,true,215500,112300,1,1
B-transport-047,char1,0,true,true,6421400,253400,38,59
B-transport-047,char1,1,true,true,5793600,260600,38,59
B-transport-047,char1,2,true,true,4933400,274900,38,59
B-transport-047,char1,3,true,true,6833000,263800,38,59
B-transport-047,char1,4,true,true,6694900,812200,38,59
B-transport-047,char1,5,true,true,7565000,321900,38,59
B-transport-047,char1,6,true,true,5817900,320400,38,59
B-transport-047,char1,7,true,true,4767500,268800,38,59
B-transport-047,char1,8,true,true,6802100,527900,38,59
B-transport-047,char1,9,true,true,5243000,324600,38,59
B-transport-047,char5,0,true,true,1139200,86200,9,12
B-transport-047,char5,1,true,true,1124800,83200,9,12
B-transport-047,char5,2,true,true,2095100,80400,9,12
B-transport-047,char5,3,true,true,1180000,103500,9,12
B-transport-047,char5,4,true,true,1131400,83100,9,12
B-transport-047,char5,5,true,true,1125800,82100,9,12
B-transport-047,char5,6,true,true,1557600,81800,9,12
B-transport-047,char5,7,true,true,1135700,86100,9,12
B-transport-047,char5,8,true,true,1120500,82300,9,12
B-transport-047,char5,9,true,true,1109400,80100,9,12
B-transport-047,random,0,true,true,573200,79400,4,6
B-transport-047,random,1,true,true,570800,79500,4,6
B-transport-047,random,2,true,true,566300,78200,4,6
B-transport-047,random,3,true,true,567200,80900,4,6
B-transport-047,random,4,true,true,567300,78500,4,6
B-transport-047,random,5,true,true,572300,78700,4,6
B-transport-047,random,6,true,true,570300,76600,4,6
B-transport-047,random,7,true,true,570800,76600,4,6
B-transport-047,random,8,true,true,570800,76700,4,6
B-transport-047,random,9,true,true,1968000,78500,4,6
B-transport-047,monolithic,0,true,true,236600,126600,1,1
B-transport-047,monolithic,1,true,true,234100,122200,1,1
B-transport-047,monolithic,2,true,true,232900,124400,1,1
B-transport-047,monolithic,3,true,true,238000,120500,1,1
B-transport-047,monolithic,4,true,true,234700,122200,1,1
B-transport-047,monolithic,5,true,true,232000,122500,1,1
B-transport-047,monolithic,6,true,true,233400,123600,1,1
B-transport-047,monolithic,7,true,true,230300,120000,1,1
B-transport-047,monolithic,8,true,true,229300,119700,1,1
B-transport-047,monolithic,9,true,true,229900,121600,1,1
B-transport-048,char1,0,true,true,6584100,281900,38,59
B-transport-048,char1,1,true,true,5855900,296100,38,59
B-transport-048,char1,2,true,true,5588200,312500,38,59
B-transport-048,char1,3,true,true,5221300,264400,38,59
B-transport-048,char1,4,true,true,6618700,257900,38,59
B-transport-048,char1,5,true,true,5562300,300400,38,59
B-transport-048,char1,6,true,true,5510700,262400,38,59
B-transport-048,char1,7,true,true,8835500,1717900,38,59
B-transport-048,char1,8,true,true,5696000,498200,38,59
B-transport-048,char1,9,true,true,6919900,259000,38,59
B-transport-048,char5,0,true,true,1481800,248200,9,12
B-transport-048,char5,1,true,true,1122500,89800,9,12
B-transport-048,char5,2,true,true,1112800,81600,9,12
B-transport-048,char5,3,true,true,1277300,80300,9,12
B-transport-048,char5,4,true,true,1135900,85600,9,12
B-transport-048,char5,5,true,true,1129100,81500,9,12
B-transport-048,char5,6,true,true,1118900,80700,9,12
B-transport-048,char5,7,true,true,2489900,82600,9,12
B-transport-048,char5,8,true,true,1176100,90900,9,12
B-transport-048,char5,9,true,true,1134900,83800,9,12
B-transport-048,random,0,true,true,602600,86700,4,6
B-transport-048,random,1,true,true,585300,84100,4,6
B-transport-048,random,2,true,true,590400,82900,4,6
B-transport-048,random,3,true,true,579200,81900,4,6
B-transport-048,random,4,true,true,593100,83500,4,6
B-transport-048,random,5,true,true,587700,79600,4,6
B-transport-048,random,6,true,true,585600,80800,4,6
B-transport-048,random,7,true,true,587900,82100,4,6
B-transport-048,random,8,true,true,582000,81800,4,6
B-transport-048,random,9,true,true,584600,81500,4,6
B-transport-048,monolithic,0,true,true,218600,115100,1,1
B-transport-048,monolithic,1,true,true,288700,120800,1,1
B-transport-048,monolithic,2,true,true,261100,138600,1,1
B-transport-048,monolithic,3,true,true,257800,134100,1,1
B-transport-048,monolithic,4,true,true,258400,136500,1,1
B-transport-048,monolithic,5,true,true,263300,140000,1,1
B-transport-048,monolithic,6,true,true,255600,137700,1,1
B-transport-048,monolithic,7,true,true,383000,255700,1,1
B-transport-048,monolithic,8,true,true,240700,129000,1,1
B-transport-048,monolithic,9,true,true,235400,125500,1,1
B-transport-049,char1,0,true,true,7139500,291800,38,59
B-transport-049,char1,1,true,true,5346900,298000,38,59
B-transport-049,char1,2,true,true,7000200,268600,38,59
B-transport-049,char1,3,true,true,5375600,366800,38,59
B-transport-049,char1,4,true,true,4891800,265500,38,59
B-transport-049,char1,5,true,true,7510600,250500,38,59
B-transport-049,char1,6,true,true,5942400,327700,38,59
B-transport-049,char1,7,true,true,6916600,335300,38,59
B-transport-049,char1,8,true,true,5760900,262800,38,59
B-transport-049,char1,9,true,true,7760600,339100,38,59
B-transport-049,char5,0,true,true,1851500,185800,9,12
B-transport-049,char5,1,true,true,1597100,117600,9,12
B-transport-049,char5,2,true,true,1296800,102300,9,12
B-transport-049,char5,3,true,true,1273400,96200,9,12
B-transport-049,char5,4,true,true,1377700,93000,9,12
B-transport-049,char5,5,true,true,1172400,117100,9,12
B-transport-049,char5,6,true,true,1179900,81300,9,12
B-transport-049,char5,7,true,true,1311100,101800,9,12
B-transport-049,char5,8,true,true,1111900,81800,9,12
B-transport-049,char5,9,true,true,1104000,80800,9,12
B-transport-049,random,0,true,true,809600,86700,4,6
B-transport-049,random,1,true,true,761000,109900,4,6
B-transport-049,random,2,true,true,1060000,91500,4,6
B-transport-049,random,3,true,true,1667500,125100,4,6
B-transport-049,random,4,true,true,645800,100600,4,6
B-transport-049,random,5,true,true,625700,93800,4,6
B-transport-049,random,6,true,true,662500,93400,4,6
B-transport-049,random,7,true,true,652200,95400,4,6
B-transport-049,random,8,true,true,655000,96800,4,6
B-transport-049,random,9,true,true,650700,99200,4,6
B-transport-049,monolithic,0,true,true,239400,126500,1,1
B-transport-049,monolithic,1,true,true,234900,123600,1,1
B-transport-049,monolithic,2,true,true,235200,122900,1,1
B-transport-049,monolithic,3,true,true,236400,125500,1,1
B-transport-049,monolithic,4,true,true,232900,122300,1,1
B-transport-049,monolithic,5,true,true,233900,122100,1,1
B-transport-049,monolithic,6,true,true,231800,123700,1,1
B-transport-049,monolithic,7,true,true,235400,123400,1,1
B-transport-049,monolithic,8,true,true,235500,121400,1,1
B-transport-049,monolithic,9,true,true,233000,120100,1,1
B-transport-050,char1,0,true,true,5371000,283000,38,59
B-transport-050,char1,1,true,true,8642800,290100,38,59
B-transport-050,char1,2,true,true,5983800,332300,38,59
B-transport-050,char1,3,true,true,6812100,305300,38,59
B-transport-050,char1,4,true,true,5554700,263100,38,59
B-transport-050,char1,5,true,true,7952100,306700,38,59
B-transport-050,char1,6,true,true,4996000,357900,38,59
B-transport-050,char1,7,true,true,4858400,254300,38,59
B-transport-050,char1,8,true,true,10004500,260600,38,59
B-transport-050,char1,9,true,true,5002800,306000,38,59
B-transport-050,char5,0,true,true,1127800,83400,9,12
B-transport-050,char5,1,true,true,2137800,82800,9,12
B-transport-050,char5,2,true,true,1153300,96200,9,12
B-transport-050,char5,3,true,true,1325800,85700,9,12
B-transport-050,char5,4,true,true,3062200,109800,9,12
B-transport-050,char5,5,true,true,1486800,141000,9,12
B-transport-050,char5,6,true,true,1352700,113300,9,12
B-transport-050,char5,7,true,true,1435700,115600,9,12
B-transport-050,char5,8,true,true,1479900,121600,9,12
B-transport-050,char5,9,true,true,1448900,111700,9,12
B-transport-050,random,0,true,true,2425000,142800,4,6
B-transport-050,random,1,true,true,632600,98700,4,6
B-transport-050,random,2,true,true,615900,90600,4,6
B-transport-050,random,3,true,true,614900,91200,4,6
B-transport-050,random,4,true,true,719100,91200,4,6
B-transport-050,random,5,true,true,759900,109700,4,6
B-transport-050,random,6,true,true,1475400,117400,4,6
B-transport-050,random,7,true,true,694400,116000,4,6
B-transport-050,random,8,true,true,752500,121200,4,6
B-transport-050,random,9,true,true,760900,117800,4,6
B-transport-050,monolithic,0,true,true,258800,137300,1,1
B-transport-050,monolithic,1,true,true,565000,134700,1,1
B-transport-050,monolithic,2,true,true,256000,137100,1,1
B-transport-050,monolithic,3,true,true,254300,133500,1,1
B-transport-050,monolithic,4,true,true,252400,130500,1,1
B-transport-050,monolithic,5,true,true,238100,125900,1,1
B-transport-050,monolithic,6,true,true,238000,126600,1,1
B-transport-050,monolithic,7,true,true,235600,124200,1,1
B-transport-050,monolithic,8,true,true,236300,124200,1,1
B-transport-050,monolithic,9,true,true,245800,122300,1,1
B-transport-051,char1,0,true,true,7056900,301500,38,59
B-transport-051,char1,1,true,true,5845000,271900,38,59
B-transport-051,char1,2,true,true,4890300,274700,38,59
B-transport-051,char1,3,true,true,7332000,1013300,38,59
B-transport-051,char1,4,true,true,5158700,335900,38,59
B-transport-051,char1,5,true,true,6881300,269900,38,59
B-transport-051,char1,6,true,true,5953300,304300,38,59
B-transport-051,char1,7,true,true,7395800,357200,38,59
B-transport-051,char1,8,true,true,5346300,346400,38,59
B-transport-051,char1,9,true,true,6098700,292600,38,59
B-transport-051,char5,0,true,true,1418900,103700,9,12
B-transport-051,char5,1,true,true,6221300,105800,9,12
B-transport-051,char5,2,true,true,1511800,117500,9,12
B-transport-051,char5,3,true,true,6592200,103200,9,12
B-transport-051,char5,4,true,true,7758100,143200,9,12
B-transport-051,char5,5,true,true,1383800,112300,9,12
B-transport-051,char5,6,true,true,4841900,1866500,9,12
B-transport-051,char5,7,true,true,1452900,119200,9,12
B-transport-051,char5,8,true,true,2129100,402000,9,12
B-transport-051,char5,9,true,true,1437000,98400,9,12
B-transport-051,random,0,true,true,756500,172100,3,4
B-transport-051,random,1,true,true,930600,124400,3,4
B-transport-051,random,2,true,true,977900,296500,3,4
B-transport-051,random,3,true,true,781500,219300,3,4
B-transport-051,random,4,true,true,927700,239900,3,4
B-transport-051,random,5,true,true,616500,122000,3,4
B-transport-051,random,6,true,true,2524000,771600,3,4
B-transport-051,random,7,true,true,716600,188000,3,4
B-transport-051,random,8,true,true,1210800,120000,3,4
B-transport-051,random,9,true,true,646900,184800,3,4
B-transport-051,monolithic,0,true,true,313900,144400,1,1
B-transport-051,monolithic,1,true,true,306400,181100,1,1
B-transport-051,monolithic,2,true,true,250000,131800,1,1
B-transport-051,monolithic,3,true,true,299900,181400,1,1
B-transport-051,monolithic,4,true,true,248400,128500,1,1
B-transport-051,monolithic,5,true,true,301100,131400,1,1
B-transport-051,monolithic,6,true,true,236200,132800,1,1
B-transport-051,monolithic,7,true,true,215200,113600,1,1
B-transport-051,monolithic,8,true,true,268900,123100,1,1
B-transport-051,monolithic,9,true,true,414500,226500,1,1
B-transport-052,char1,0,true,true,4973900,268300,38,59
B-transport-052,char1,1,true,true,6313700,268400,38,59
B-transport-052,char1,2,true,true,5075700,279800,38,59
B-transport-052,char1,3,true,true,4826400,271300,38,59
B-transport-052,char1,4,true,true,4859000,268100,38,59
B-transport-052,char1,5,true,true,6831200,251500,38,59
B-transport-052,char1,6,true,true,4969400,267200,38,59
B-transport-052,char1,7,true,true,5043800,264600,38,59
B-transport-052,char1,8,true,true,9032000,465500,38,59
B-transport-052,char1,9,true,true,6848600,328100,38,59
B-transport-052,char5,0,true,true,2573400,105900,9,12
B-transport-052,char5,1,true,true,1138300,88800,9,12
B-transport-052,char5,2,true,true,1574900,85800,9,12
B-transport-052,char5,3,true,true,1413100,124500,9,12
B-transport-052,char5,4,true,true,1376500,106800,9,12
B-transport-052,char5,5,true,true,1451000,116200,9,12
B-transport-052,char5,6,true,true,1454700,114600,9,12
B-transport-052,char5,7,true,true,1393900,119600,9,12
B-transport-052,char5,8,true,true,1360900,105800,9,12
B-transport-052,char5,9,true,true,3025000,100900,9,12
B-transport-052,random,0,true,true,1731900,94400,7,9
B-transport-052,random,1,true,true,1027500,93700,7,9
B-transport-052,random,2,true,true,1001700,83200,7,9
B-transport-052,random,3,true,true,970600,92800,7,9
B-transport-052,random,4,true,true,913400,71800,7,9
B-transport-052,random,5,true,true,962000,76600,7,9
B-transport-052,random,6,true,true,957600,83500,7,9
B-transport-052,random,7,true,true,913900,76000,7,9
B-transport-052,random,8,true,true,1287300,89200,7,9
B-transport-052,random,9,true,true,1045500,88300,7,9
B-transport-052,monolithic,0,true,true,256500,132600,1,1
B-transport-052,monolithic,1,true,true,244100,129800,1,1
B-transport-052,monolithic,2,true,true,258700,136100,1,1
B-transport-052,monolithic,3,true,true,246800,128000,1,1
B-transport-052,monolithic,4,true,true,240500,130600,1,1
B-transport-052,monolithic,5,true,true,259900,138000,1,1
B-transport-052,monolithic,6,true,true,251700,130800,1,1
B-transport-052,monolithic,7,true,true,3663800,3372300,1,1
B-transport-052,monolithic,8,true,true,382500,248000,1,1
B-transport-052,monolithic,9,true,true,354500,223600,1,1
B-transport-053,char1,0,true,true,5812800,309200,38,59
B-transport-053,char1,1,true,true,5075700,265300,38,59
B-transport-053,char1,2,true,true,5954300,589900,38,59
B-transport-053,char1,3,true,true,4815300,270100,38,59
B-transport-053,char1,4,true,true,5796400,253100,38,59
B-transport-053,char1,5,true,true,5901400,269700,38,59
B-transport-053,char1,6,true,true,5577100,345800,38,59
B-transport-053,char1,7,true,true,7970800,292100,38,59
B-transport-053,char1,8,true,true,6171300,297400,38,59
B-transport-053,char1,9,true,true,6312300,334800,38,59
B-transport-053,char5,0,true,true,1189400,91500,9,12
B-transport-053,char5,1,true,true,1129300,83100,9,12
B-transport-053,char5,2,true,true,1123000,82700,9,12
B-transport-053,char5,3,true,true,1597300,80800,9,12
B-transport-053,char5,4,true,true,1838700,92800,9,12
B-transport-053,char5,5,true,true,2014800,385300,9,12
B-transport-053,char5,6,true,true,1298800,102200,9,12
B-transport-053,char5,7,true,true,2059100,107200,9,12
B-transport-053,char5,8,true,true,1542600,127100,9,12
B-transport-053,char5,9,true,true,1225100,105900,9,12
B-transport-053,random,0,true,true,1051200,64100,8,9
B-transport-053,random,1,true,true,1026000,56500,8,9
B-transport-053,random,2,true,true,1305000,55600,8,9
B-transport-053,random,3,true,true,1749300,76100,8,9
B-transport-053,random,4,true,true,2441900,947300,8,9
B-transport-053,random,5,true,true,1262300,74600,8,9
B-transport-053,random,6,true,true,1467300,70200,8,9
B-transport-053,random,7,true,true,2576700,169600,8,9
B-transport-053,random,8,true,true,1265600,71700,8,9
B-transport-053,random,9,true,true,1238700,88600,8,9
B-transport-053,monolithic,0,true,true,220800,115000,1,1
B-transport-053,monolithic,1,true,true,216500,111300,1,1
B-transport-053,monolithic,2,true,true,215700,113400,1,1
B-transport-053,monolithic,3,true,true,218700,115800,1,1
B-transport-053,monolithic,4,true,true,215800,112000,1,1
B-transport-053,monolithic,5,true,true,217200,112000,1,1
B-transport-053,monolithic,6,true,true,215200,112700,1,1
B-transport-053,monolithic,7,true,true,217400,114400,1,1
B-transport-053,monolithic,8,true,true,214900,113600,1,1
B-transport-053,monolithic,9,true,true,214400,110500,1,1
B-transport-054,char1,0,true,true,6451000,257100,38,59
B-transport-054,char1,1,true,true,7508000,266500,38,59
B-transport-054,char1,2,true,true,5277800,275800,38,59
B-transport-054,char1,3,true,true,5751500,271900,38,59
B-transport-054,char1,4,true,true,5972100,420600,38,59
B-transport-054,char1,5,true,true,5669600,277000,38,59
B-transport-054,char1,6,true,true,8029100,374900,38,59
B-transport-054,char1,7,true,true,6541700,325700,38,59
B-transport-054,char1,8,true,true,7219300,340500,38,59
B-transport-054,char1,9,true,true,6000400,283400,38,59
B-transport-054,char5,0,true,true,1933300,124300,9,12
B-transport-054,char5,1,true,true,1563900,125600,9,12
B-transport-054,char5,2,true,true,2950000,95700,9,12
B-transport-054,char5,3,true,true,1389600,108800,9,12
B-transport-054,char5,4,true,true,1447200,106800,9,12
B-transport-054,char5,5,true,true,1494600,158300,9,12
B-transport-054,char5,6,true,true,1350200,111900,9,12
B-transport-054,char5,7,true,true,1295800,117600,9,12
B-transport-054,char5,8,true,true,1351900,100500,9,12
B-transport-054,char5,9,true,true,1293600,97800,9,12
B-transport-054,random,0,true,true,1675200,96500,8,9
B-transport-054,random,1,true,true,1075200,70800,8,9
B-transport-054,random,2,true,true,3379800,60300,8,9
B-transport-054,random,3,true,true,1097300,80700,8,9
B-transport-054,random,4,true,true,1087400,67400,8,9
B-transport-054,random,5,true,true,1148200,66500,8,9
B-transport-054,random,6,true,true,1168000,77100,8,9
B-transport-054,random,7,true,true,1199300,80800,8,9
B-transport-054,random,8,true,true,1128600,79700,8,9
B-transport-054,random,9,true,true,1085600,69200,8,9
B-transport-054,monolithic,0,true,true,235800,128100,1,1
B-transport-054,monolithic,1,true,true,234400,122200,1,1
B-transport-054,monolithic,2,true,true,232600,120600,1,1
B-transport-054,monolithic,3,true,true,233000,123400,1,1
B-transport-054,monolithic,4,true,true,233300,123000,1,1
B-transport-054,monolithic,5,true,true,233800,121100,1,1
B-transport-054,monolithic,6,true,true,238300,125100,1,1
B-transport-054,monolithic,7,true,true,237100,125400,1,1
B-transport-054,monolithic,8,true,true,246700,135200,1,1
B-transport-054,monolithic,9,true,true,259000,139800,1,1
B-transport-055,char1,0,true,true,7620900,289500,38,59
B-transport-055,char1,1,true,true,4885600,273700,38,59
B-transport-055,char1,2,true,true,6962500,257100,38,59
B-transport-055,char1,3,true,true,6129200,301600,38,59
B-transport-055,char1,4,true,true,6015100,280400,38,59
B-transport-055,char1,5,true,true,6704800,1076500,38,59
B-transport-055,char1,6,true,true,6155500,298600,38,59
B-transport-055,char1,7,true,true,8515300,325800,38,59
B-transport-055,char1,8,true,true,5842700,321500,38,59
B-transport-055,char1,9,true,true,8596000,315700,38,59
B-transport-055,char5,0,true,true,1554100,323300,9,12
B-transport-055,char5,1,true,true,1165100,90100,9,12
B-transport-055,char5,2,true,true,1164700,95700,9,12
B-transport-055,char5,3,true,true,1101600,81100,9,12
B-transport-055,char5,4,true,true,1097800,79600,9,12
B-transport-055,char5,5,true,true,1093800,80400,9,12
B-transport-055,char5,6,true,true,1992900,79700,9,12
B-transport-055,char5,7,true,true,1236700,97100,9,12
B-transport-055,char5,8,true,true,1254800,89700,9,12
B-transport-055,char5,9,true,true,1665800,94300,9,12
B-transport-055,random,0,true,true,935600,102200,6,8
B-transport-055,random,1,true,true,888600,90600,6,8
B-transport-055,random,2,true,true,928600,84800,6,8
B-transport-055,random,3,true,true,1281500,86800,6,8
B-transport-055,random,4,true,true,934200,86900,6,8
B-transport-055,random,5,true,true,939600,85500,6,8
B-transport-055,random,6,true,true,930300,86100,6,8
B-transport-055,random,7,true,true,918600,81900,6,8
B-transport-055,random,8,true,true,1470500,81200,6,8
B-transport-055,random,9,true,true,2560400,90400,6,8
B-transport-055,monolithic,0,true,true,236100,124300,1,1
B-transport-055,monolithic,1,true,true,236700,122200,1,1
B-transport-055,monolithic,2,true,true,245000,130900,1,1
B-transport-055,monolithic,3,true,true,238500,126100,1,1
B-transport-055,monolithic,4,true,true,234400,122800,1,1
B-transport-055,monolithic,5,true,true,237500,122300,1,1
B-transport-055,monolithic,6,true,true,246000,124800,1,1
B-transport-055,monolithic,7,true,true,230400,121200,1,1
B-transport-055,monolithic,8,true,true,235400,122700,1,1
B-transport-055,monolithic,9,true,true,522900,384400,1,1
B-transport-056,char1,0,true,true,5773300,300600,38,59
B-transport-056,char1,1,true,true,6977000,265800,38,59
B-transport-056,char1,2,true,true,5932800,275500,38,59
B-transport-056,char1,3,true,true,4866900,272300,38,59
B-transport-056,char1,4,true,true,5824400,256400,38,59
B-transport-056,char1,5,true,true,5238500,261800,38,59
B-transport-056,char1,6,true,true,4868900,274900,38,59
B-transport-056,char1,7,true,true,6043100,254900,38,59
B-transport-056,char1,8,true,true,5879500,260800,38,59
B-transport-056,char1,9,true,true,5030700,340300,38,59
B-transport-056,char5,0,true,true,1153700,83000,9,12
B-transport-056,char5,1,true,true,1111200,82100,9,12
B-transport-056,char5,2,true,true,1112000,81000,9,12
B-transport-056,char5,3,true,true,1106000,80200,9,12
B-transport-056,char5,4,true,true,1109800,80700,9,12
B-transport-056,char5,5,true,true,1114700,81400,9,12
B-transport-056,char5,6,true,true,1365800,79400,9,12
B-transport-056,char5,7,true,true,1249900,127300,9,12
B-transport-056,char5,8,true,true,1111400,84200,9,12
B-transport-056,char5,9,true,true,3921600,80300,9,12
B-transport-056,random,0,true,true,816700,76000,7,8
B-transport-056,random,1,true,true,796700,78000,7,8
B-transport-056,random,2,true,true,789100,69400,7,8
B-transport-056,random,3,true,true,825200,70100,7,8
B-transport-056,random,4,true,true,801900,76800,7,8
B-transport-056,random,5,true,true,774300,69700,7,8
B-transport-056,random,6,true,true,776300,70600,7,8
B-transport-056,random,7,true,true,771400,68700,7,8
B-transport-056,random,8,true,true,771000,69700,7,8
B-transport-056,random,9,true,true,776400,70100,7,8
B-transport-056,monolithic,0,true,true,219400,115300,1,1
B-transport-056,monolithic,1,true,true,219000,115700,1,1
B-transport-056,monolithic,2,true,true,223400,121100,1,1
B-transport-056,monolithic,3,true,true,216900,112300,1,1
B-transport-056,monolithic,4,true,true,261500,113500,1,1
B-transport-056,monolithic,5,true,true,305100,179100,1,1
B-transport-056,monolithic,6,true,true,227600,120200,1,1
B-transport-056,monolithic,7,true,true,220300,114400,1,1
B-transport-056,monolithic,8,true,true,219200,116400,1,1
B-transport-056,monolithic,9,true,true,221600,114700,1,1
B-transport-057,char1,0,true,true,6217100,259400,38,59
B-transport-057,char1,1,true,true,5528100,299200,38,59
B-transport-057,char1,2,true,true,7252300,306100,38,59
B-transport-057,char1,3,true,true,5271600,291500,38,59
B-transport-057,char1,4,true,true,5091900,294900,38,59
B-transport-057,char1,5,true,true,6715300,269600,38,59
B-transport-057,char1,6,true,true,5658800,269300,38,59
B-transport-057,char1,7,true,true,5449400,298300,38,59
B-transport-057,char1,8,true,true,8320000,309600,38,59
B-transport-057,char1,9,true,true,5351100,288100,38,59
B-transport-057,char5,0,true,true,1224000,91300,9,12
B-transport-057,char5,1,true,true,1254300,95600,9,12
B-transport-057,char5,2,true,true,1246400,104400,9,12
B-transport-057,char5,3,true,true,1135800,83900,9,12
B-transport-057,char5,4,true,true,2312300,80700,9,12
B-transport-057,char5,5,true,true,1449400,110400,9,12
B-transport-057,char5,6,true,true,1343500,100800,9,12
B-transport-057,char5,7,true,true,1428800,106200,9,12
B-transport-057,char5,8,true,true,1435200,111300,9,12
B-transport-057,char5,9,true,true,1432800,114200,9,12
B-transport-057,random,0,true,true,1264900,106500,7,8
B-transport-057,random,1,true,true,1253600,104100,7,8
B-transport-057,random,2,true,true,1289700,108000,7,8
B-transport-057,random,3,true,true,1478000,111500,7,8
B-transport-057,random,4,true,true,2671100,126900,7,8
B-transport-057,random,5,true,true,1611400,99700,7,8
B-transport-057,random,6,true,true,1210900,104200,7,8
B-transport-057,random,7,true,true,1373400,103300,7,8
B-transport-057,random,8,true,true,1449700,93700,7,8
B-transport-057,random,9,true,true,1368100,101400,7,8
B-transport-057,monolithic,0,true,true,269900,150400,1,1
B-transport-057,monolithic,1,true,true,240800,132400,1,1
B-transport-057,monolithic,2,true,true,269900,147900,1,1
B-transport-057,monolithic,3,true,true,256600,131700,1,1
B-transport-057,monolithic,4,true,true,253800,142600,1,1
B-transport-057,monolithic,5,true,true,215100,113200,1,1
B-transport-057,monolithic,6,true,true,215500,112600,1,1
B-transport-057,monolithic,7,true,true,214700,112500,1,1
B-transport-057,monolithic,8,true,true,214200,111800,1,1
B-transport-057,monolithic,9,true,true,215000,112900,1,1
B-transport-058,char1,0,true,true,5889500,270100,38,59
B-transport-058,char1,1,true,true,4880600,274800,38,59
B-transport-058,char1,2,true,true,5771800,254800,38,59
B-transport-058,char1,3,true,true,9325500,294800,38,59
B-transport-058,char1,4,true,true,5157300,300800,38,59
B-transport-058,char1,5,true,true,7245500,261300,38,59
B-transport-058,char1,6,true,true,7012100,305000,38,59
B-transport-058,char1,7,true,true,12131300,324700,38,59
B-transport-058,char1,8,true,true,6146200,290000,38,59
B-transport-058,char1,9,true,true,8529300,2522900,38,59
B-transport-058,char5,0,true,true,1161000,91200,9,12
B-transport-058,char5,1,true,true,1167900,82600,9,12
B-transport-058,char5,2,true,true,1130500,87100,9,12
B-transport-058,char5,3,true,true,1154000,81000,9,12
B-transport-058,char5,4,true,true,1117600,80600,9,12
B-transport-058,char5,5,true,true,1108000,80000,9,12
B-transport-058,char5,6,true,true,2178400,90600,9,12
B-transport-058,char5,7,true,true,1252800,97100,9,12
B-transport-058,char5,8,true,true,1577600,99800,9,12
B-transport-058,char5,9,true,true,2208400,293600,9,12
B-transport-058,random,0,true,true,808100,113700,5,8
B-transport-058,random,1,true,true,786400,102900,5,8
B-transport-058,random,2,true,true,753000,108700,5,8
B-transport-058,random,3,true,true,737200,95900,5,8
B-transport-058,random,4,true,true,741200,98100,5,8
B-transport-058,random,5,true,true,734400,96300,5,8
B-transport-058,random,6,true,true,759500,101700,5,8
B-transport-058,random,7,true,true,777800,98700,5,8
B-transport-058,random,8,true,true,732600,92400,5,8
B-transport-058,random,9,true,true,729100,94700,5,8
B-transport-058,monolithic,0,true,true,1607300,562000,1,1
B-transport-058,monolithic,1,true,true,279600,160900,1,1
B-transport-058,monolithic,2,true,true,242100,128100,1,1
B-transport-058,monolithic,3,true,true,276500,151900,1,1
B-transport-058,monolithic,4,true,true,259000,137200,1,1
B-transport-058,monolithic,5,true,true,254700,134100,1,1
B-transport-058,monolithic,6,true,true,256000,135800,1,1
B-transport-058,monolithic,7,true,true,249900,133400,1,1
B-transport-058,monolithic,8,true,true,237600,123800,1,1
B-transport-058,monolithic,9,true,true,250200,131600,1,1
B-transport-059,char1,0,true,true,5924900,485300,38,59
B-transport-059,char1,1,true,true,6504700,296700,38,59
B-transport-059,char1,2,true,true,6254900,400300,38,59
B-transport-059,char1,3,true,true,4885700,273400,38,59
B-transport-059,char1,4,true,true,7799100,251700,38,59
B-transport-059,char1,5,true,true,6629200,543800,38,59
B-transport-059,char1,6,true,true,6772200,266300,38,59
B-transport-059,char1,7,true,true,7011600,313900,38,59
B-transport-059,char1,8,true,true,7557200,314400,38,59
B-transport-059,char1,9,true,true,5104800,272700,38,59
B-transport-059,char5,0,true,true,1132200,85600,9,12
B-transport-059,char5,1,true,true,1450600,82100,9,12
B-transport-059,char5,2,true,true,1122200,89800,9,12
B-transport-059,char5,3,true,true,1097800,80300,9,12
B-transport-059,char5,4,true,true,1138800,79900,9,12
B-transport-059,char5,5,true,true,2507800,114700,9,12
B-transport-059,char5,6,true,true,1441700,120800,9,12
B-transport-059,char5,7,true,true,1345800,102200,9,12
B-transport-059,char5,8,true,true,1627000,110500,9,12
B-transport-059,char5,9,true,true,1214300,130200,9,12
B-transport-059,random,0,true,true,593100,112000,5,7
B-transport-059,random,1,true,true,600800,109100,5,7
B-transport-059,random,2,true,true,679300,108000,5,7
B-transport-059,random,3,true,true,716300,129800,5,7
B-transport-059,random,4,true,true,1021400,139800,5,7
B-transport-059,random,5,true,true,810200,159700,5,7
B-transport-059,random,6,true,true,775000,155400,5,7
B-transport-059,random,7,true,true,754200,152700,5,7
B-transport-059,random,8,true,true,752600,137100,5,7
B-transport-059,random,9,true,true,1389200,154000,5,7
B-transport-059,monolithic,0,true,true,261000,138600,1,1
B-transport-059,monolithic,1,true,true,256500,136300,1,1
B-transport-059,monolithic,2,true,true,239400,128500,1,1
B-transport-059,monolithic,3,true,true,244300,124900,1,1
B-transport-059,monolithic,4,true,true,257400,137300,1,1
B-transport-059,monolithic,5,true,true,254100,133500,1,1
B-transport-059,monolithic,6,true,true,240100,127300,1,1
B-transport-059,monolithic,7,true,true,250000,131500,1,1
B-transport-059,monolithic,8,true,true,236100,123400,1,1
B-transport-059,monolithic,9,true,true,244800,126000,1,1
B-transport-060,char1,0,true,true,5943300,308900,38,59
B-transport-060,char1,1,true,true,8530800,1495900,38,59
B-transport-060,char1,2,true,true,5409900,302500,38,59
B-transport-060,char1,3,true,true,8651200,288000,38,59
B-transport-060,char1,4,true,true,5786100,497400,38,59
B-transport-060,char1,5,true,true,6986900,359400,38,59
B-transport-060,char1,6,true,true,5103800,438300,38,59
B-transport-060,char1,7,true,true,5430200,264800,38,59
B-transport-060,char1,8,true,true,6546400,274100,38,59
B-transport-060,char1,9,true,true,4878200,262900,38,59
B-transport-060,char5,0,true,true,1135600,84100,9,12
B-transport-060,char5,1,true,true,1112400,81600,9,12
B-transport-060,char5,2,true,true,1155700,80400,9,12
B-transport-060,char5,3,true,true,1110500,81100,9,12
B-transport-060,char5,4,true,true,1109000,79400,9,12
B-transport-060,char5,5,true,true,1215400,80500,9,12
B-transport-060,char5,6,true,true,3649300,112000,9,12
B-transport-060,char5,7,true,true,1379100,115900,9,12
B-transport-060,char5,8,true,true,1387300,108300,9,12
B-transport-060,char5,9,true,true,1349700,102400,9,12
B-transport-060,random,0,true,true,984600,119800,5,7
B-transport-060,random,1,true,true,719900,123500,5,7
B-transport-060,random,2,true,true,701300,107700,5,7
B-transport-060,random,3,true,true,711600,112800,5,7
B-transport-060,random,4,true,true,714300,115200,5,7
B-transport-060,random,5,true,true,722600,120300,5,7
B-transport-060,random,6,true,true,713900,117300,5,7
B-transport-060,random,7,true,true,665600,114700,5,7
B-transport-060,random,8,true,true,690100,96600,5,7
B-transport-060,random,9,true,true,1009800,111500,5,7
B-transport-060,monolithic,0,true,true,1416000,180500,1,1
B-transport-060,monolithic,1,true,true,318800,199500,1,1
B-transport-060,monolithic,2,true,true,301600,180100,1,1
B-transport-060,monolithic,3,true,true,341200,174600,1,1
B-transport-060,monolithic,4,true,true,300800,182500,1,1
B-transport-060,monolithic,5,true,true,297200,176300,1,1
B-transport-060,monolithic,6,true,true,335900,128100,1,1
B-transport-060,monolithic,7,true,true,298200,180400,1,1
B-transport-060,monolithic,8,true,true,352200,181500,1,1
B-transport-060,monolithic,9,true,true,288300,179800,1,1
B-transport-061,char1,0,true,true,9647400,383800,38,59
B-transport-061,char1,1,true,true,8834700,1123200,38,59
B-transport-061,char1,2,true,true,4842100,266700,38,59
B-transport-061,char1,3,true,true,9399800,259200,38,59
B-transport-061,char1,4,true,true,9556300,309600,38,59
B-transport-061,char1,5,true,true,6416200,375500,38,59
B-transport-061,char1,6,true,true,6203800,323000,38,59
B-transport-061,char1,7,true,true,6290000,309200,38,59
B-transport-061,char1,8,true,true,6302100,276900,38,59
B-transport-061,char1,9,true,true,6696000,339600,38,59
B-transport-061,char5,0,true,true,1149400,91100,9,12
B-transport-061,char5,1,true,true,1628600,107500,9,12
B-transport-061,char5,2,true,true,1183500,109800,9,12
B-transport-061,char5,3,true,true,1119600,85600,9,12
B-transport-061,char5,4,true,true,1110400,81000,9,12
B-transport-061,char5,5,true,true,1503900,153400,9,12
B-transport-061,char5,6,true,true,1452200,124700,9,12
B-transport-061,char5,7,true,true,1371000,102400,9,12
B-transport-061,char5,8,true,true,3700800,120500,9,12
B-transport-061,char5,9,true,true,1386200,113500,9,12
B-transport-061,random,0,true,true,980600,124600,7,8
B-transport-061,random,1,true,true,975200,121900,7,8
B-transport-061,random,2,true,true,1037200,132600,7,8
B-transport-061,random,3,true,true,1631000,130300,7,8
B-transport-061,random,4,true,true,1063700,143100,7,8
B-transport-061,random,5,true,true,899100,121300,7,8
B-transport-061,random,6,true,true,863700,109200,7,8
B-transport-061,random,7,true,true,1168300,107400,7,8
B-transport-061,random,8,true,true,870100,110200,7,8
B-transport-061,random,9,true,true,860500,106100,7,8
B-transport-061,monolithic,0,true,true,234500,121300,1,1
B-transport-061,monolithic,1,true,true,1631100,1495400,1,1
B-transport-061,monolithic,2,true,true,418400,130300,1,1
B-transport-061,monolithic,3,true,true,532900,149800,1,1
B-transport-061,monolithic,4,true,true,571800,137700,1,1
B-transport-061,monolithic,5,true,true,253600,144700,1,1
B-transport-061,monolithic,6,true,true,224800,117000,1,1
B-transport-061,monolithic,7,true,true,217300,115300,1,1
B-transport-061,monolithic,8,true,true,215000,112800,1,1
B-transport-061,monolithic,9,true,true,225700,112800,1,1
B-transport-062,char1,0,true,true,5535500,273400,38,59
B-transport-062,char1,1,true,true,4884700,269000,38,59
B-transport-062,char1,2,true,true,11097900,2590900,38,59
B-transport-062,char1,3,true,true,7949000,371400,38,59
B-transport-062,char1,4,true,true,14093500,329600,38,59
B-transport-062,char1,5,true,true,11182100,345600,38,59
B-transport-062,char1,6,true,true,6457000,308700,38,59
B-transport-062,char1,7,true,true,5549600,291000,38,59
B-transport-062,char1,8,true,true,9833600,272700,38,59
B-transport-062,char1,9,true,true,5614800,531800,38,59
B-transport-062,char5,0,true,true,1259100,94700,9,12
B-transport-062,char5,1,true,true,1626200,90600,9,12
B-transport-062,char5,2,true,true,1224000,95000,9,12
B-transport-062,char5,3,true,true,2243200,90100,9,12
B-transport-062,char5,4,true,true,1393200,121400,9,12
B-transport-062,char5,5,true,true,1459500,103600,9,12
B-transport-062,char5,6,true,true,1569000,100900,9,12
B-transport-062,char5,7,true,true,1394600,113900,9,12
B-transport-062,char5,8,true,true,1435700,117500,9,12
B-transport-062,char5,9,true,true,1592400,110800,9,12
B-transport-062,random,0,true,true,950300,110200,6,8
B-transport-062,random,1,true,true,1073500,102600,6,8
B-transport-062,random,2,true,true,937800,103200,6,8
B-transport-062,random,3,true,true,1189100,109900,6,8
B-transport-062,random,4,true,true,1370100,93500,6,8
B-transport-062,random,5,true,true,1538400,691100,6,8
B-transport-062,random,6,true,true,865900,94600,6,8
B-transport-062,random,7,true,true,798400,86800,6,8
B-transport-062,random,8,true,true,771500,83800,6,8
B-transport-062,random,9,true,true,791400,87300,6,8
B-transport-062,monolithic,0,true,true,218000,115400,1,1
B-transport-062,monolithic,1,true,true,216700,111500,1,1
B-transport-062,monolithic,2,true,true,216500,111900,1,1
B-transport-062,monolithic,3,true,true,219100,114400,1,1
B-transport-062,monolithic,4,true,true,216500,113800,1,1
B-transport-062,monolithic,5,true,true,217700,112300,1,1
B-transport-062,monolithic,6,true,true,237700,118700,1,1
B-transport-062,monolithic,7,true,true,257300,129600,1,1
B-transport-062,monolithic,8,true,true,303000,191700,1,1
B-transport-062,monolithic,9,true,true,219100,117500,1,1
B-transport-063,char1,0,true,true,5434200,258300,38,59
B-transport-063,char1,1,true,true,6628100,365400,38,59
B-transport-063,char1,2,true,true,4836800,268400,38,59
B-transport-063,char1,3,true,true,4872400,255300,38,59
B-transport-063,char1,4,true,true,8033400,2427600,38,59
B-transport-063,char1,5,true,true,5132600,293000,38,59
B-transport-063,char1,6,true,true,7097800,260300,38,59
B-transport-063,char1,7,true,true,6948000,384400,38,59
B-transport-063,char1,8,true,true,8200600,517700,38,59
B-transport-063,char1,9,true,true,4856600,271800,38,59
B-transport-063,char5,0,true,true,1128800,82600,9,12
B-transport-063,char5,1,true,true,1527900,85700,9,12
B-transport-063,char5,2,true,true,1276200,126600,9,12
B-transport-063,char5,3,true,true,1117500,82900,9,12
B-transport-063,char5,4,true,true,2861600,81500,9,12
B-transport-063,char5,5,true,true,1653100,112500,9,12
B-transport-063,char5,6,true,true,1340600,102700,9,12
B-transport-063,char5,7,true,true,1383800,108900,9,12
B-transport-063,char5,8,true,true,1383000,105300,9,12
B-transport-063,char5,9,true,true,1357600,102500,9,12
B-transport-063,random,0,true,true,917200,114200,5,7
B-transport-063,random,1,true,true,929100,116000,5,7
B-transport-063,random,2,true,true,960000,118800,5,7
B-transport-063,random,3,true,true,859400,114600,5,7
B-transport-063,random,4,true,true,919000,108000,5,7
B-transport-063,random,5,true,true,1335100,113500,5,7
B-transport-063,random,6,true,true,1069800,139300,5,7
B-transport-063,random,7,true,true,897800,129300,5,7
B-transport-063,random,8,true,true,879400,111100,5,7
B-transport-063,random,9,true,true,2175400,111600,5,7
B-transport-063,monolithic,0,true,true,290400,138300,1,1
B-transport-063,monolithic,1,true,true,583600,395500,1,1
B-transport-063,monolithic,2,true,true,303400,169900,1,1
B-transport-063,monolithic,3,true,true,257400,137200,1,1
B-transport-063,monolithic,4,true,true,266800,148600,1,1
B-transport-063,monolithic,5,true,true,220800,116900,1,1
B-transport-063,monolithic,6,true,true,214000,112300,1,1
B-transport-063,monolithic,7,true,true,221800,120100,1,1
B-transport-063,monolithic,8,true,true,213300,111800,1,1
B-transport-063,monolithic,9,true,true,220000,111400,1,1
B-transport-064,char1,0,true,true,4929300,274900,38,59
B-transport-064,char1,1,true,true,7417800,252400,38,59
B-transport-064,char1,2,true,true,5620700,334700,38,59
B-transport-064,char1,3,true,true,6937700,314800,38,59
B-transport-064,char1,4,true,true,5476800,290900,38,59
B-transport-064,char1,5,true,true,5134900,382700,38,59
B-transport-064,char1,6,true,true,7232400,328500,38,59
B-transport-064,char1,7,true,true,5943300,343300,38,59
B-transport-064,char1,8,true,true,6852500,293100,38,59
B-transport-064,char1,9,true,true,5807700,293300,38,59
B-transport-064,char5,0,true,true,1796500,113800,9,12
B-transport-064,char5,1,true,true,1168900,103400,9,12
B-transport-064,char5,2,true,true,1146200,83700,9,12
B-transport-064,char5,3,true,true,3354000,80200,9,12
B-transport-064,char5,4,true,true,1268200,97900,9,12
B-transport-064,char5,5,true,true,1267300,96700,9,12
B-transport-064,char5,6,true,true,1250000,93200,9,12
B-transport-064,char5,7,true,true,1266100,91900,9,12
B-transport-064,char5,8,true,true,1423600,94000,9,12
B-transport-064,char5,9,true,true,1580500,111400,9,12
B-transport-064,random,0,true,true,750100,77000,5,6
B-transport-064,random,1,true,true,745500,70700,5,6
B-transport-064,random,2,true,true,731700,71500,5,6
B-transport-064,random,3,true,true,732300,66500,5,6
B-transport-064,random,4,true,true,738100,68700,5,6
B-transport-064,random,5,true,true,1769800,69400,5,6
B-transport-064,random,6,true,true,979200,83200,5,6
B-transport-064,random,7,true,true,784300,82200,5,6
B-transport-064,random,8,true,true,843800,75100,5,6
B-transport-064,random,9,true,true,1451300,324600,5,6
B-transport-064,monolithic,0,true,true,275600,143400,1,1
B-transport-064,monolithic,1,true,true,292600,165700,1,1
B-transport-064,monolithic,2,true,true,472500,270200,1,1
B-transport-064,monolithic,3,true,true,261600,140000,1,1
B-transport-064,monolithic,4,true,true,247300,130900,1,1
B-transport-064,monolithic,5,true,true,247400,131500,1,1
B-transport-064,monolithic,6,true,true,247800,128600,1,1
B-transport-064,monolithic,7,true,true,245900,130800,1,1
B-transport-064,monolithic,8,true,true,242700,126300,1,1
B-transport-064,monolithic,9,true,true,241700,127000,1,1
B-transport-065,char1,0,true,true,5966000,377600,38,59
B-transport-065,char1,1,true,true,5417400,303100,38,59
B-transport-065,char1,2,true,true,7404600,298100,38,59
B-transport-065,char1,3,true,true,6153100,378900,38,59
B-transport-065,char1,4,true,true,5796900,332800,38,59
B-transport-065,char1,5,true,true,8966300,322000,38,59
B-transport-065,char1,6,true,true,6163300,421100,38,59
B-transport-065,char1,7,true,true,5910600,267700,38,59
B-transport-065,char1,8,true,true,4921500,269600,38,59
B-transport-065,char1,9,true,true,4853100,266100,38,59
B-transport-065,char5,0,true,true,2452500,84200,9,12
B-transport-065,char5,1,true,true,1499400,89700,9,12
B-transport-065,char5,2,true,true,1152600,97400,9,12
B-transport-065,char5,3,true,true,1121400,83100,9,12
B-transport-065,char5,4,true,true,1105900,81100,9,12
B-transport-065,char5,5,true,true,1803300,80500,9,12
B-transport-065,char5,6,true,true,1332900,114400,9,12
B-transport-065,char5,7,true,true,1226100,90700,9,12
B-transport-065,char5,8,true,true,1223900,95000,9,12
B-transport-065,char5,9,true,true,1214400,89200,9,12
B-transport-065,random,0,true,true,521500,91800,3,7
B-transport-065,random,1,true,true,519000,89900,3,7
B-transport-065,random,2,true,true,1060800,133400,3,7
B-transport-065,random,3,true,true,1209800,203700,3,7
B-transport-065,random,4,true,true,566100,100000,3,7
B-transport-065,random,5,true,true,616700,100500,3,7
B-transport-065,random,6,true,true,617200,104100,3,7
B-transport-065,random,7,true,true,731400,104100,3,7
B-transport-065,random,8,true,true,1403600,131600,3,7
B-transport-065,random,9,true,true,624400,151000,3,7
B-transport-065,monolithic,0,true,true,219400,114500,1,1
B-transport-065,monolithic,1,true,true,215500,112400,1,1
B-transport-065,monolithic,2,true,true,213800,112400,1,1
B-transport-065,monolithic,3,true,true,215400,113200,1,1
B-transport-065,monolithic,4,true,true,213800,112100,1,1
B-transport-065,monolithic,5,true,true,213500,111100,1,1
B-transport-065,monolithic,6,true,true,212000,110400,1,1
B-transport-065,monolithic,7,true,true,211300,110900,1,1
B-transport-065,monolithic,8,true,true,212100,110800,1,1
B-transport-065,monolithic,9,true,true,213300,110800,1,1
B-transport-066,char1,0,true,true,4910900,264800,38,59
B-transport-066,char1,1,true,true,7288400,255300,38,59
B-transport-066,char1,2,true,true,5470200,277500,38,59
B-transport-066,char1,3,true,true,6678000,300200,38,59
B-transport-066,char1,4,true,true,5130500,298200,38,59
B-transport-066,char1,5,true,true,4853900,270000,38,59
B-transport-066,char1,6,true,true,6498100,260100,38,59
B-transport-066,char1,7,true,true,6009100,300100,38,59
B-transport-066,char1,8,true,true,6335800,356300,38,59
B-transport-066,char1,9,true,true,4911000,280100,38,59
B-transport-066,char5,0,true,true,1329900,84500,9,12
B-transport-066,char5,1,true,true,1667500,106200,9,12
B-transport-066,char5,2,true,true,1379400,120600,9,12
B-transport-066,char5,3,true,true,1308800,112100,9,12
B-transport-066,char5,4,true,true,1204500,91500,9,12
B-transport-066,char5,5,true,true,1535100,90100,9,12
B-transport-066,char5,6,true,true,2367700,1022100,9,12
B-transport-066,char5,7,true,true,1348200,105600,9,12
B-transport-066,char5,8,true,true,1367600,104000,9,12
B-transport-066,char5,9,true,true,1270800,100700,9,12
B-transport-066,random,0,true,true,880500,146000,6,8
B-transport-066,random,1,true,true,839900,134100,6,8
B-transport-066,random,2,true,true,1253600,327600,6,8
B-transport-066,random,3,true,true,824900,136300,6,8
B-transport-066,random,4,true,true,861300,139100,6,8
B-transport-066,random,5,true,true,869200,139800,6,8
B-transport-066,random,6,true,true,818200,134600,6,8
B-transport-066,random,7,true,true,1039200,162800,6,8
B-transport-066,random,8,true,true,753200,129800,6,8
B-transport-066,random,9,true,true,758600,149500,6,8
B-transport-066,monolithic,0,true,true,214000,112100,1,1
B-transport-066,monolithic,1,true,true,213900,111800,1,1
B-transport-066,monolithic,2,true,true,213000,111100,1,1
B-transport-066,monolithic,3,true,true,213800,110600,1,1
B-transport-066,monolithic,4,true,true,213400,112500,1,1
B-transport-066,monolithic,5,true,true,212500,111900,1,1
B-transport-066,monolithic,6,true,true,212600,110400,1,1
B-transport-066,monolithic,7,true,true,212400,110800,1,1
B-transport-066,monolithic,8,true,true,212700,111700,1,1
B-transport-066,monolithic,9,true,true,211100,110200,1,1
B-transport-067,char1,0,true,true,4874600,248800,38,59
B-transport-067,char1,1,true,true,5065400,262500,38,59
B-transport-067,char1,2,true,true,6639100,262000,38,59
B-transport-067,char1,3,true,true,5142400,364700,38,59
B-transport-067,char1,4,true,true,5194800,276600,38,59
B-transport-067,char1,5,true,true,5041800,367200,38,59
B-transport-067,char1,6,true,true,4868700,254800,38,59
B-transport-067,char1,7,true,true,6958100,259500,38,59
B-transport-067,char1,8,true,true,5900600,332800,38,59
B-transport-067,char1,9,true,true,5960000,324500,38,59
B-transport-067,char5,0,true,true,2341800,95900,9,12
B-transport-067,char5,1,true,true,1489900,142000,9,12
B-transport-067,char5,2,true,true,1185100,89700,9,12
B-transport-067,char5,3,true,true,1125100,82000,9,12
B-transport-067,char5,4,true,true,1687300,80200,9,12
B-transport-067,char5,5,true,true,1250800,105900,9,12
B-transport-067,char5,6,true,true,1198800,91500,9,12
B-transport-067,char5,7,true,true,1271600,114900,9,12
B-transport-067,char5,8,true,true,1230200,92100,9,12
B-transport-067,char5,9,true,true,1228400,94100,9,12
B-transport-067,random,0,true,true,788100,82100,5,6
B-transport-067,random,1,true,true,3059600,81000,5,6
B-transport-067,random,2,true,true,1274500,127900,5,6
B-transport-067,random,3,true,true,798100,121000,5,6
B-transport-067,random,4,true,true,745600,76100,5,6
B-transport-067,random,5,true,true,732300,76400,5,6
B-transport-067,random,6,true,true,738000,77800,5,6
B-transport-067,random,7,true,true,737600,76500,5,6
B-transport-067,random,8,true,true,738400,77000,5,6
B-transport-067,random,9,true,true,733800,74300,5,6
B-transport-067,monolithic,0,true,true,229700,120100,1,1
B-transport-067,monolithic,1,true,true,233400,122900,1,1
B-transport-067,monolithic,2,true,true,235200,124700,1,1
B-transport-067,monolithic,3,true,true,229900,119200,1,1
B-transport-067,monolithic,4,true,true,232400,121500,1,1
B-transport-067,monolithic,5,true,true,232200,122900,1,1
B-transport-067,monolithic,6,true,true,236300,123500,1,1
B-transport-067,monolithic,7,true,true,234500,123800,1,1
B-transport-067,monolithic,8,true,true,232900,120400,1,1
B-transport-067,monolithic,9,true,true,231500,121100,1,1
B-transport-068,char1,0,true,true,7243700,280300,38,59
B-transport-068,char1,1,true,true,5837700,375000,38,59
B-transport-068,char1,2,true,true,4893300,271800,38,59
B-transport-068,char1,3,true,true,7080700,257400,38,59
B-transport-068,char1,4,true,true,5172400,321500,38,59
B-transport-068,char1,5,true,true,6149600,266100,38,59
B-transport-068,char1,6,true,true,5145500,453500,38,59
B-transport-068,char1,7,true,true,4827700,263600,38,59
B-transport-068,char1,8,true,true,6285400,251100,38,59
B-transport-068,char1,9,true,true,5609400,321400,38,59
B-transport-068,char5,0,true,true,1137800,93400,9,12
B-transport-068,char5,1,true,true,1104800,81600,9,12
B-transport-068,char5,2,true,true,1225900,80400,9,12
B-transport-068,char5,3,true,true,1114200,80900,9,12
B-transport-068,char5,4,true,true,1118100,80600,9,12
B-transport-068,char5,5,true,true,1815300,81000,9,12
B-transport-068,char5,6,true,true,1320200,123200,9,12
B-transport-068,char5,7,true,true,1304900,95100,9,12
B-transport-068,char5,8,true,true,2705400,96600,9,12
B-transport-068,char5,9,true,true,1335000,122200,9,12
B-transport-068,random,0,true,true,623800,83100,4,5
B-transport-068,random,1,true,true,608000,78800,4,5
B-transport-068,random,2,true,true,628400,75100,4,5
B-transport-068,random,3,true,true,625300,75500,4,5
B-transport-068,random,4,true,true,630200,83600,4,5
B-transport-068,random,5,true,true,622700,79900,4,5
B-transport-068,random,6,true,true,622200,78800,4,5
B-transport-068,random,7,true,true,625100,78300,4,5
B-transport-068,random,8,true,true,627200,79800,4,5
B-transport-068,random,9,true,true,627300,80400,4,5
B-transport-068,monolithic,0,true,true,235600,122300,1,1
B-transport-068,monolithic,1,true,true,236800,122200,1,1
B-transport-068,monolithic,2,true,true,237300,124700,1,1
B-transport-068,monolithic,3,true,true,1682000,1280800,1,1
B-transport-068,monolithic,4,true,true,256400,139200,1,1
B-transport-068,monolithic,5,true,true,245100,129100,1,1
B-transport-068,monolithic,6,true,true,243900,125700,1,1
B-transport-068,monolithic,7,true,true,237400,125900,1,1
B-transport-068,monolithic,8,true,true,236300,124200,1,1
B-transport-068,monolithic,9,true,true,233800,121700,1,1
B-transport-069,char1,0,true,true,6390300,290100,38,59
B-transport-069,char1,1,true,true,4938800,326500,38,59
B-transport-069,char1,2,true,true,6329600,258700,38,59
B-transport-069,char1,3,true,true,4833700,261800,38,59
B-transport-069,char1,4,true,true,5543200,253000,38,59
B-transport-069,char1,5,true,true,5336500,308800,38,59
B-transport-069,char1,6,true,true,5725700,272600,38,59
B-transport-069,char1,7,true,true,7668500,337700,38,59
B-transport-069,char1,8,true,true,6448400,318900,38,59
B-transport-069,char1,9,true,true,8233300,303100,38,59
B-transport-069,char5,0,true,true,1590800,130800,9,12
B-transport-069,char5,1,true,true,5920100,116500,9,12
B-transport-069,char5,2,true,true,1668000,205100,9,12
B-transport-069,char5,3,true,true,1228500,96000,9,12
B-transport-069,char5,4,true,true,1239400,89400,9,12
B-transport-069,char5,5,true,true,1389100,90900,9,12
B-transport-069,char5,6,true,true,1357900,137400,9,12
B-transport-069,char5,7,true,true,1260900,85500,9,12
B-transport-069,char5,8,true,true,2534700,87700,9,12
B-transport-069,char5,9,true,true,2378100,952500,9,12
B-transport-069,random,0,true,true,7298800,5147800,4,5
B-transport-069,random,1,true,true,611500,86100,4,5
B-transport-069,random,2,true,true,616000,78500,4,5
B-transport-069,random,3,true,true,692400,85500,4,5
B-transport-069,random,4,true,true,705600,86400,4,5
B-transport-069,random,5,true,true,656400,87000,4,5
B-transport-069,random,6,true,true,1245300,193000,4,5
B-transport-069,random,7,true,true,1494400,96100,4,5
B-transport-069,random,8,true,true,611500,86100,4,5
B-transport-069,random,9,true,true,594000,78000,4,5
B-transport-069,monolithic,0,true,true,219500,112800,1,1
B-transport-069,monolithic,1,true,true,218400,115200,1,1
B-transport-069,monolithic,2,true,true,290900,127300,1,1
B-transport-069,monolithic,3,true,true,256500,137600,1,1
B-transport-069,monolithic,4,true,true,250400,130700,1,1
B-transport-069,monolithic,5,true,true,257500,134100,1,1
B-transport-069,monolithic,6,true,true,2293800,1343500,1,1
B-transport-069,monolithic,7,true,true,402300,163600,1,1
B-transport-069,monolithic,8,true,true,343200,144200,1,1
B-transport-069,monolithic,9,true,true,221700,116400,1,1
B-transport-070,char1,0,true,true,5051900,272300,38,59
B-transport-070,char1,1,true,true,4857400,263900,38,59
B-transport-070,char1,2,true,true,7106300,295200,38,59
B-transport-070,char1,3,true,true,6001100,287000,38,59
B-transport-070,char1,4,true,true,5862000,323600,38,59
B-transport-070,char1,5,true,true,5232200,285400,38,59
B-transport-070,char1,6,true,true,4887000,261700,38,59
B-transport-070,char1,7,true,true,8899400,256900,38,59
B-transport-070,char1,8,true,true,5990100,364200,38,59
B-transport-070,char1,9,true,true,5717600,327400,38,59
B-transport-070,char5,0,true,true,1379300,107700,9,12
B-transport-070,char5,1,true,true,1918100,106200,9,12
B-transport-070,char5,2,true,true,4993100,97900,9,12
B-transport-070,char5,3,true,true,1708400,102900,9,12
B-transport-070,char5,4,true,true,1341100,181600,9,12
B-transport-070,char5,5,true,true,1117400,85600,9,12
B-transport-070,char5,6,true,true,1116200,80800,9,12
B-transport-070,char5,7,true,true,1137200,80900,9,12
B-transport-070,char5,8,true,true,1143900,88700,9,12
B-transport-070,char5,9,true,true,1125000,81400,9,12
B-transport-070,random,0,true,true,614300,83400,4,5
B-transport-070,random,1,true,true,732300,82600,4,5
B-transport-070,random,2,true,true,991200,169800,4,5
B-transport-070,random,3,true,true,1724600,818800,4,5
B-transport-070,random,4,true,true,702800,104600,4,5
B-transport-070,random,5,true,true,673900,93600,4,5
B-transport-070,random,6,true,true,651900,89400,4,5
B-transport-070,random,7,true,true,692100,99600,4,5
B-transport-070,random,8,true,true,678400,94700,4,5
B-transport-070,random,9,true,true,671700,92900,4,5
B-transport-070,monolithic,0,true,true,242500,130100,1,1
B-transport-070,monolithic,1,true,true,236000,126400,1,1
B-transport-070,monolithic,2,true,true,234900,123500,1,1
B-transport-070,monolithic,3,true,true,235500,123900,1,1
B-transport-070,monolithic,4,true,true,235400,125400,1,1
B-transport-070,monolithic,5,true,true,232200,122000,1,1
B-transport-070,monolithic,6,true,true,236600,123000,1,1
B-transport-070,monolithic,7,true,true,237400,124000,1,1
B-transport-070,monolithic,8,true,true,236100,123800,1,1
B-transport-070,monolithic,9,true,true,241200,128700,1,1
B-transport-071,char1,0,true,true,6718900,294000,38,59
B-transport-071,char1,1,true,true,5092600,425300,38,59
B-transport-071,char1,2,true,true,4854500,260400,38,59
B-transport-071,char1,3,true,true,6989200,259200,38,59
B-transport-071,char1,4,true,true,5622300,393500,38,59
B-transport-071,char1,5,true,true,4928200,271500,38,59
B-transport-071,char1,6,true,true,7127100,268500,38,59
B-transport-071,char1,7,true,true,6842400,358800,38,59
B-transport-071,char1,8,true,true,7415100,332700,38,59
B-transport-071,char1,9,true,true,5657000,347100,38,59
B-transport-071,char5,0,true,true,1150400,91700,9,12
B-transport-071,char5,1,true,true,1100000,80500,9,12
B-transport-071,char5,2,true,true,1096200,79900,9,12
B-transport-071,char5,3,true,true,1089900,79200,9,12
B-transport-071,char5,4,true,true,2285500,92500,9,12
B-transport-071,char5,5,true,true,1294600,105700,9,12
B-transport-071,char5,6,true,true,1214400,93000,9,12
B-transport-071,char5,7,true,true,1465400,160400,9,12
B-transport-071,char5,8,true,true,1220400,111600,9,12
B-transport-071,char5,9,true,true,1115300,82900,9,12
B-transport-071,random,0,true,true,740500,81200,5,8
B-transport-071,random,1,true,true,739100,80200,5,8
B-transport-071,random,2,true,true,745400,80000,5,8
B-transport-071,random,3,true,true,748600,81500,5,8
B-transport-071,random,4,true,true,745200,81900,5,8
B-transport-071,random,5,true,true,740500,80700,5,8
B-transport-071,random,6,true,true,738800,80300,5,8
B-transport-071,random,7,true,true,741200,79300,5,8
B-transport-071,random,8,true,true,738900,82000,5,8
B-transport-071,random,9,true,true,744700,80800,5,8
B-transport-071,monolithic,0,true,true,217300,112900,1,1
B-transport-071,monolithic,1,true,true,215800,113000,1,1
B-transport-071,monolithic,2,true,true,216300,114300,1,1
B-transport-071,monolithic,3,true,true,213100,110700,1,1
B-transport-071,monolithic,4,true,true,217500,112300,1,1
B-transport-071,monolithic,5,true,true,215200,113900,1,1
B-transport-071,monolithic,6,true,true,217400,115100,1,1
B-transport-071,monolithic,7,true,true,213900,112000,1,1
B-transport-071,monolithic,8,true,true,216300,110800,1,1
B-transport-071,monolithic,9,true,true,214000,110800,1,1
B-transport-072,char1,0,true,true,5833500,256800,38,59
B-transport-072,char1,1,true,true,5417600,291500,38,59
B-transport-072,char1,2,true,true,5417300,311100,38,59
B-transport-072,char1,3,true,true,7120100,290700,38,59
B-transport-072,char1,4,true,true,5590800,286100,38,59
B-transport-072,char1,5,true,true,5329000,287000,38,59
B-transport-072,char1,6,true,true,5701400,809100,38,59
B-transport-072,char1,7,true,true,4868900,263500,38,59
B-transport-072,char1,8,true,true,7590100,264700,38,59
B-transport-072,char1,9,true,true,5464100,294700,38,59
B-transport-072,char5,0,true,true,1386800,132300,9,12
B-transport-072,char5,1,true,true,1363800,115300,9,12
B-transport-072,char5,2,true,true,1356200,101600,9,12
B-transport-072,char5,3,true,true,1412500,112800,9,12
B-transport-072,char5,4,true,true,4095200,125400,9,12
B-transport-072,char5,5,true,true,1492200,205800,9,12
B-transport-072,char5,6,true,true,1303900,116400,9,12
B-transport-072,char5,7,true,true,1265200,97700,9,12
B-transport-072,char5,8,true,true,1324700,88000,9,12
B-transport-072,char5,9,true,true,1129300,83500,9,12
B-transport-072,random,0,true,true,874300,96300,6,9
B-transport-072,random,1,true,true,871000,96200,6,9
B-transport-072,random,2,true,true,868500,92800,6,9
B-transport-072,random,3,true,true,902000,91700,6,9
B-transport-072,random,4,true,true,1071900,111300,6,9
B-transport-072,random,5,true,true,1894700,323900,6,9
B-transport-072,random,6,true,true,1295200,112200,6,9
B-transport-072,random,7,true,true,866400,95200,6,9
B-transport-072,random,8,true,true,860600,93200,6,9
B-transport-072,random,9,true,true,855800,93000,6,9
B-transport-072,monolithic,0,true,true,216500,113200,1,1
B-transport-072,monolithic,1,true,true,301800,113000,1,1
B-transport-072,monolithic,2,true,true,214900,112200,1,1
B-transport-072,monolithic,3,true,true,215900,112600,1,1
B-transport-072,monolithic,4,true,true,218300,114800,1,1
B-transport-072,monolithic,5,true,true,220200,115900,1,1
B-transport-072,monolithic,6,true,true,218900,113200,1,1
B-transport-072,monolithic,7,true,true,216400,113200,1,1
B-transport-072,monolithic,8,true,true,219300,115400,1,1
B-transport-072,monolithic,9,true,true,218500,114800,1,1
B-transport-073,char1,0,true,true,4905900,257300,38,59
B-transport-073,char1,1,true,true,8050400,512800,38,59
B-transport-073,char1,2,true,true,5476300,339000,38,59
B-transport-073,char1,3,true,true,7056000,297200,38,59
B-transport-073,char1,4,true,true,6557100,300900,38,59
B-transport-073,char1,5,true,true,6068700,340500,38,59
B-transport-073,char1,6,true,true,6316000,360900,38,59
B-transport-073,char1,7,true,true,6738500,848400,38,59
B-transport-073,char1,8,true,true,5459700,260500,38,59
B-transport-073,char1,9,true,true,8924600,305900,38,59
B-transport-073,char5,0,true,true,1431200,122300,9,12
B-transport-073,char5,1,true,true,1659600,209800,9,12
B-transport-073,char5,2,true,true,1278000,105800,9,12
B-transport-073,char5,3,true,true,1313000,95100,9,12
B-transport-073,char5,4,true,true,1302300,115300,9,12
B-transport-073,char5,5,true,true,1840300,94500,9,12
B-transport-073,char5,6,true,true,3974700,110500,9,12
B-transport-073,char5,7,true,true,1258500,100000,9,12
B-transport-073,char5,8,true,true,1203100,88600,9,12
B-transport-073,char5,9,true,true,1266800,93600,9,12
B-transport-073,random,0,true,true,945100,64400,7,9
B-transport-073,random,1,true,true,897400,64400,7,9
B-transport-073,random,2,true,true,858100,56900,7,9
B-transport-073,random,3,true,true,860500,56500,7,9
B-transport-073,random,4,true,true,870500,56900,7,9
B-transport-073,random,5,true,true,867400,56900,7,9
B-transport-073,random,6,true,true,866500,55400,7,9
B-transport-073,random,7,true,true,866500,55500,7,9
B-transport-073,random,8,true,true,2132800,58500,7,9
B-transport-073,random,9,true,true,1393000,169000,7,9
B-transport-073,monolithic,0,true,true,272100,145600,1,1
B-transport-073,monolithic,1,true,true,264400,136000,1,1
B-transport-073,monolithic,2,true,true,257600,134300,1,1
B-transport-073,monolithic,3,true,true,273500,147700,1,1
B-transport-073,monolithic,4,true,true,273200,145500,1,1
B-transport-073,monolithic,5,true,true,280400,150100,1,1
B-transport-073,monolithic,6,true,true,616300,143600,1,1
B-transport-073,monolithic,7,true,true,292000,164300,1,1
B-transport-073,monolithic,8,true,true,261700,137600,1,1
B-transport-073,monolithic,9,true,true,260700,139000,1,1
B-transport-074,char1,0,true,true,5988300,329900,38,59
B-transport-074,char1,1,true,true,8541000,291000,38,59
B-transport-074,char1,2,true,true,5466200,520200,38,59
B-transport-074,char1,3,true,true,6301400,270400,38,59
B-transport-074,char1,4,true,true,5304400,493200,38,59
B-transport-074,char1,5,true,true,5183600,260800,38,59
B-transport-074,char1,6,true,true,6903300,272800,38,59
B-transport-074,char1,7,true,true,4827100,262800,38,59
B-transport-074,char1,8,true,true,4828400,251500,38,59
B-transport-074,char1,9,true,true,7569300,264100,38,59
B-transport-074,char5,0,true,true,1709800,138000,9,12
B-transport-074,char5,1,true,true,1260200,117200,9,12
B-transport-074,char5,2,true,true,1185400,93700,9,12
B-transport-074,char5,3,true,true,1298100,90800,9,12
B-transport-074,char5,4,true,true,1236100,91800,9,12
B-transport-074,char5,5,true,true,1561300,94500,9,12
B-transport-074,char5,6,true,true,1738000,527200,9,12
B-transport-074,char5,7,true,true,1129100,87000,9,12
B-transport-074,char5,8,true,true,1131300,86200,9,12
B-transport-074,char5,9,true,true,1372900,90600,9,12
B-transport-074,random,0,true,true,1178000,117700,5,7
B-transport-074,random,1,true,true,837200,104700,5,7
B-transport-074,random,2,true,true,816200,97400,5,7
B-transport-074,random,3,true,true,808500,96100,5,7
B-transport-074,random,4,true,true,809100,94800,5,7
B-transport-074,random,5,true,true,811000,94500,5,7
B-transport-074,random,6,true,true,812000,96500,5,7
B-transport-074,random,7,true,true,813500,96100,5,7
B-transport-074,random,8,true,true,816900,94300,5,7
B-transport-074,random,9,true,true,814800,94900,5,7
B-transport-074,monolithic,0,true,true,234900,122700,1,1
B-transport-074,monolithic,1,true,true,240500,119900,1,1
B-transport-074,monolithic,2,true,true,1637300,1501200,1,1
B-transport-074,monolithic,3,true,true,382700,131800,1,1
B-transport-074,monolithic,4,true,true,279500,148900,1,1
B-transport-074,monolithic,5,true,true,258900,136200,1,1
B-transport-074,monolithic,6,true,true,256300,134800,1,1
B-transport-074,monolithic,7,true,true,248100,129700,1,1
B-transport-074,monolithic,8,true,true,253200,141100,1,1
B-transport-074,monolithic,9,true,true,235100,122800,1,1
B-transport-075,char1,0,true,true,5453900,320700,38,59
B-transport-075,char1,1,true,true,5621300,261500,38,59
B-transport-075,char1,2,true,true,5932100,365200,38,59
B-transport-075,char1,3,true,true,5272400,270400,38,59
B-transport-075,char1,4,true,true,5591300,266500,38,59
B-transport-075,char1,5,true,true,4881600,275600,38,59
B-transport-075,char1,6,true,true,5066400,253700,38,59
B-transport-075,char1,7,true,true,6043000,254800,38,59
B-transport-075,char1,8,true,true,4881400,274400,38,59
B-transport-075,char1,9,true,true,5749500,252700,38,59
B-transport-075,char5,0,true,true,1141500,94000,9,12
B-transport-075,char5,1,true,true,2286500,84600,9,12
B-transport-075,char5,2,true,true,1457800,164400,9,12
B-transport-075,char5,3,true,true,1293600,97600,9,12
B-transport-075,char5,4,true,true,1265300,93900,9,12
B-transport-075,char5,5,true,true,1473400,91000,9,12
B-transport-075,char5,6,true,true,1272500,103600,9,12
B-transport-075,char5,7,true,true,1389100,93600,9,12
B-transport-075,char5,8,true,true,1560500,97300,9,12
B-transport-075,char5,9,true,true,1464700,166000,9,12
B-transport-075,random,0,true,true,1287600,115900,8,8
B-transport-075,random,1,true,true,2929900,131000,8,8
B-transport-075,random,2,true,true,1250800,113100,8,8
B-transport-075,random,3,true,true,1226400,104200,8,8
B-transport-075,random,4,true,true,1223000,101500,8,8
B-transport-075,random,5,true,true,1244600,109800,8,8
B-transport-075,random,6,true,true,1147500,105000,8,8
B-transport-075,random,7,true,true,1214100,99900,8,8
B-transport-075,random,8,true,true,1222500,106700,8,8
B-transport-075,random,9,true,true,1359700,109100,8,8
B-transport-075,monolithic,0,true,true,259600,138000,1,1
B-transport-075,monolithic,1,true,true,255700,134200,1,1
B-transport-075,monolithic,2,true,true,246200,131200,1,1
B-transport-075,monolithic,3,true,true,253300,132700,1,1
B-transport-075,monolithic,4,true,true,264600,140600,1,1
B-transport-075,monolithic,5,true,true,237800,128600,1,1
B-transport-075,monolithic,6,true,true,256500,129900,1,1
B-transport-075,monolithic,7,true,true,239900,126200,1,1
B-transport-075,monolithic,8,true,true,236000,125600,1,1
B-transport-075,monolithic,9,true,true,250100,125400,1,1
B-transport-076,char1,0,true,true,6121800,380700,38,59
B-transport-076,char1,1,true,true,6290900,356700,38,59
B-transport-076,char1,2,true,true,7030900,290400,38,59
B-transport-076,char1,3,true,true,5609100,308400,38,59
B-transport-076,char1,4,true,true,7160600,271700,38,59
B-transport-076,char1,5,true,true,4893800,266300,38,59
B-transport-076,char1,6,true,true,4878300,252500,38,59
B-transport-076,char1,7,true,true,7836000,264800,38,59
B-transport-076,char1,8,true,true,4871000,266800,38,59
B-transport-076,char1,9,true,true,4916200,250900,38,59
B-transport-076,char5,0,true,true,2150700,119600,9,12
B-transport-076,char5,1,true,true,1135700,90900,9,12
B-transport-076,char5,2,true,true,1151700,90300,9,12
B-transport-076,char5,3,true,true,1521300,89400,9,12
B-transport-076,char5,4,true,true,1841200,103900,9,12
B-transport-076,char5,5,true,true,1138200,91000,9,12
B-transport-076,char5,6,true,true,1107600,82100,9,12
B-transport-076,char5,7,true,true,1107500,80100,9,12
B-transport-076,char5,8,true,true,1116400,79300,9,12
B-transport-076,char5,9,true,true,1108000,81500,9,12
B-transport-076,random,0,true,true,670800,88800,6,6
B-transport-076,random,1,true,true,660400,86500,6,6
B-transport-076,random,2,true,true,2814400,86600,6,6
B-transport-076,random,3,true,true,906600,146700,6,6
B-transport-076,random,4,true,true,779400,105500,6,6
B-transport-076,random,5,true,true,764600,109200,6,6
B-transport-076,random,6,true,true,714400,94200,6,6
B-transport-076,random,7,true,true,716900,93100,6,6
B-transport-076,random,8,true,true,722800,93600,6,6
B-transport-076,random,9,true,true,718800,93100,6,6
B-transport-076,monolithic,0,true,true,233400,121500,1,1
B-transport-076,monolithic,1,true,true,234300,123800,1,1
B-transport-076,monolithic,2,true,true,234100,123100,1,1
B-transport-076,monolithic,3,true,true,233800,122800,1,1
B-transport-076,monolithic,4,true,true,231900,120300,1,1
B-transport-076,monolithic,5,true,true,232500,121100,1,1
B-transport-076,monolithic,6,true,true,233500,123100,1,1
B-transport-076,monolithic,7,true,true,232500,122200,1,1
B-transport-076,monolithic,8,true,true,233500,121500,1,1
B-transport-076,monolithic,9,true,true,231700,120300,1,1
B-transport-077,char1,0,true,true,6779400,276800,38,59
B-transport-077,char1,1,true,true,5824500,304600,38,59
B-transport-077,char1,2,true,true,4934200,268400,38,59
B-transport-077,char1,3,true,true,5840400,339800,38,59
B-transport-077,char1,4,true,true,5407500,334400,38,59
B-transport-077,char1,5,true,true,4860400,260400,38,59
B-transport-077,char1,6,true,true,7412200,265000,38,59
B-transport-077,char1,7,true,true,6578000,332200,38,59
B-transport-077,char1,8,true,true,7570200,321200,38,59
B-transport-077,char1,9,true,true,5889200,309700,38,59
B-transport-077,char5,0,true,true,1121100,90700,9,12
B-transport-077,char5,1,true,true,1102300,81400,9,12
B-transport-077,char5,2,true,true,1125300,80500,9,12
B-transport-077,char5,3,true,true,1626200,83000,9,12
B-transport-077,char5,4,true,true,1823100,99200,9,12
B-transport-077,char5,5,true,true,1170400,88600,9,12
B-transport-077,char5,6,true,true,1152500,83100,9,12
B-transport-077,char5,7,true,true,1508500,82800,9,12
B-transport-077,char5,8,true,true,1989700,100100,9,12
B-transport-077,char5,9,true,true,1132500,92600,9,12
B-transport-077,random,0,true,true,682900,90300,6,6
B-transport-077,random,1,true,true,692500,100100,6,6
B-transport-077,random,2,true,true,697300,86500,6,6
B-transport-077,random,3,true,true,669300,85000,6,6
B-transport-077,random,4,true,true,666700,84000,6,6
B-transport-077,random,5,true,true,672500,85100,6,6
B-transport-077,random,6,true,true,673900,85500,6,6
B-transport-077,random,7,true,true,668900,85100,6,6
B-transport-077,random,8,true,true,665000,86500,6,6
B-transport-077,random,9,true,true,668200,84500,6,6
B-transport-077,monolithic,0,true,true,217300,111000,1,1
B-transport-077,monolithic,1,true,true,215900,114400,1,1
B-transport-077,monolithic,2,true,true,215400,112000,1,1
B-transport-077,monolithic,3,true,true,218400,115700,1,1
B-transport-077,monolithic,4,true,true,222200,115100,1,1
B-transport-077,monolithic,5,true,true,216700,111200,1,1
B-transport-077,monolithic,6,true,true,214300,113400,1,1
B-transport-077,monolithic,7,true,true,214400,112200,1,1
B-transport-077,monolithic,8,true,true,216100,112500,1,1
B-transport-077,monolithic,9,true,true,216100,111900,1,1
B-transport-078,char1,0,true,true,5192000,251000,38,59
B-transport-078,char1,1,true,true,7704300,266200,38,59
B-transport-078,char1,2,true,true,5738200,330300,38,59
B-transport-078,char1,3,true,true,7633900,446200,38,59
B-transport-078,char1,4,true,true,5987400,384800,38,59
B-transport-078,char1,5,true,true,5273800,278500,38,59
B-transport-078,char1,6,true,true,6233900,280500,38,59
B-transport-078,char1,7,true,true,4840900,274500,38,59
B-transport-078,char1,8,true,true,6872800,256200,38,59
B-transport-078,char1,9,true,true,5409100,323200,38,59
B-transport-078,char5,0,true,true,1262100,104600,9,12
B-transport-078,char5,1,true,true,1230800,95000,9,12
B-transport-078,char5,2,true,true,1288600,111900,9,12
B-transport-078,char5,3,true,true,1234300,97100,9,12
B-transport-078,char5,4,true,true,1472600,92200,9,12
B-transport-078,char5,5,true,true,2849700,117500,9,12
B-transport-078,char5,6,true,true,1238000,96800,9,12
B-transport-078,char5,7,true,true,1222900,90100,9,12
B-transport-078,char5,8,true,true,1266800,92700,9,12
B-transport-078,char5,9,true,true,1461200,184000,9,12
B-transport-078,random,0,true,true,627500,161100,5,7
B-transport-078,random,1,true,true,622800,158500,5,7
B-transport-078,random,2,true,true,627300,157300,5,7
B-transport-078,random,3,true,true,642800,158500,5,7
B-transport-078,random,4,true,true,622700,157900,5,7
B-transport-078,random,5,true,true,621000,154400,5,7
B-transport-078,random,6,true,true,617400,155100,5,7
B-transport-078,random,7,true,true,577300,145300,5,7
B-transport-078,random,8,true,true,575200,143800,5,7
B-transport-078,random,9,true,true,575200,141900,5,7
B-transport-078,monolithic,0,true,true,218300,116700,1,1
B-transport-078,monolithic,1,true,true,219900,115600,1,1
B-transport-078,monolithic,2,true,true,220200,116600,1,1
B-transport-078,monolithic,3,true,true,223200,116300,1,1
B-transport-078,monolithic,4,true,true,217200,111200,1,1
B-transport-078,monolithic,5,true,true,349800,114400,1,1
B-transport-078,monolithic,6,true,true,249200,142100,1,1
B-transport-078,monolithic,7,true,true,222600,116800,1,1
B-transport-078,monolithic,8,true,true,220900,115500,1,1
B-transport-078,monolithic,9,true,true,219000,115900,1,1
B-transport-079,char1,0,true,true,8651700,436900,38,59
B-transport-079,char1,1,true,true,5937900,338800,38,59
B-transport-079,char1,2,true,true,7725700,327400,38,59
B-transport-079,char1,3,true,true,6525000,376300,38,59
B-transport-079,char1,4,true,true,6957700,379700,38,59
B-transport-079,char1,5,true,true,6067100,316100,38,59
B-transport-079,char1,6,true,true,5487500,267600,38,59
B-transport-079,char1,7,true,true,6580100,359700,38,59
B-transport-079,char1,8,true,true,5317200,294500,38,59
B-transport-079,char1,9,true,true,7497700,299300,38,59
B-transport-079,char5,0,true,true,1449600,229200,9,12
B-transport-079,char5,1,true,true,1378000,94100,9,12
B-transport-079,char5,2,true,true,1304400,100500,9,12
B-transport-079,char5,3,true,true,1393800,98300,9,12
B-transport-079,char5,4,true,true,2371300,96200,9,12
B-transport-079,char5,5,true,true,1338300,104500,9,12
B-transport-079,char5,6,true,true,1369400,159000,9,12
B-transport-079,char5,7,true,true,3695200,97000,9,12
B-transport-079,char5,8,true,true,1427800,141700,9,12
B-transport-079,char5,9,true,true,1133400,89000,9,12
B-transport-079,random,0,true,true,523600,130800,3,6
B-transport-079,random,1,true,true,524100,131300,3,6
B-transport-079,random,2,true,true,624700,165600,3,6
B-transport-079,random,3,true,true,642300,153800,3,6
B-transport-079,random,4,true,true,686900,186400,3,6
B-transport-079,random,5,true,true,625900,179500,3,6
B-transport-079,random,6,true,true,610600,156400,3,6
B-transport-079,random,7,true,true,634700,161500,3,6
B-transport-079,random,8,true,true,660800,164400,3,6
B-transport-079,random,9,true,true,677000,177400,3,6
B-transport-079,monolithic,0,true,true,275800,148200,1,1
B-transport-079,monolithic,1,true,true,268300,144500,1,1
B-transport-079,monolithic,2,true,true,270500,141400,1,1
B-transport-079,monolithic,3,true,true,274200,138900,1,1
B-transport-079,monolithic,4,true,true,268700,140000,1,1
B-transport-079,monolithic,5,true,true,271800,144800,1,1
B-transport-079,monolithic,6,true,true,278200,150300,1,1
B-transport-079,monolithic,7,true,true,279200,157600,1,1
B-transport-079,monolithic,8,true,true,261400,139600,1,1
B-transport-079,monolithic,9,true,true,255800,136800,1,1
B-transport-080,char1,0,true,true,8067800,322000,39,60
B-transport-080,char1,1,true,true,5875900,341800,39,60
B-transport-080,char1,2,true,true,8398900,347600,39,60
B-transport-080,char1,3,true,true,6022600,331200,39,60
B-transport-080,char1,4,true,true,9518600,330600,39,60
B-transport-080,char1,5,true,true,5384000,268900,39,60
B-transport-080,char1,6,true,true,6057400,270300,39,60
B-transport-080,char1,7,true,true,6410900,447400,39,60
B-transport-080,char1,8,true,true,5592900,300800,39,60
B-transport-080,char1,9,true,true,8161800,301500,39,60
B-transport-080,char5,0,true,true,1780700,105100,9,12
B-transport-080,char5,1,true,true,1187800,116800,9,12
B-transport-080,char5,2,true,true,1075900,82800,9,12
B-transport-080,char5,3,true,true,1071400,80800,9,12
B-transport-080,char5,4,true,true,1064100,81200,9,12
B-transport-080,char5,5,true,true,1060400,80100,9,12
B-transport-080,char5,6,true,true,2476700,275100,9,12
B-transport-080,char5,7,true,true,1294100,122000,9,12
B-transport-080,char5,8,true,true,1233200,107700,9,12
B-transport-080,char5,9,true,true,1761900,119100,9,12
B-transport-080,random,0,true,true,1162600,319000,5,7
B-transport-080,random,1,true,true,814300,82100,5,7
B-transport-080,random,2,true,true,793900,73300,5,7
B-transport-080,random,3,true,true,825200,68900,5,7
B-transport-080,random,4,true,true,827900,73600,5,7
B-transport-080,random,5,true,true,837200,79100,5,7
B-transport-080,random,6,true,true,817800,74500,5,7
B-transport-080,random,7,true,true,809700,74900,5,7
B-transport-080,random,8,true,true,812500,76200,5,7
B-transport-080,random,9,true,true,2309500,75600,5,7
B-transport-080,monolithic,0,true,true,260400,142500,1,1
B-transport-080,monolithic,1,true,true,246000,128700,1,1
B-transport-080,monolithic,2,true,true,253600,126800,1,1
B-transport-080,monolithic,3,true,true,246000,132200,1,1
B-transport-080,monolithic,4,true,true,246500,130100,1,1
B-transport-080,monolithic,5,true,true,242000,127300,1,1
B-transport-080,monolithic,6,true,true,243500,128100,1,1
B-transport-080,monolithic,7,true,true,240100,127800,1,1
B-transport-080,monolithic,8,true,true,240300,123800,1,1
B-transport-080,monolithic,9,true,true,240900,123400,1,1
B-transport-081,char1,0,true,true,6619100,292500,39,60
B-transport-081,char1,1,true,true,6677400,279300,39,60
B-transport-081,char1,2,true,true,5212400,275400,39,60
B-transport-081,char1,3,true,true,5500900,335500,39,60
B-transport-081,char1,4,true,true,6810700,261400,39,60
B-transport-081,char1,5,true,true,6068300,278200,39,60
B-transport-081,char1,6,true,true,5928400,272100,39,60
B-transport-081,char1,7,true,true,5507000,287200,39,60
B-transport-081,char1,8,true,true,6101700,312600,39,60
B-transport-081,char1,9,true,true,7400100,326000,39,60
B-transport-081,char5,0,true,true,1203900,98300,9,12
B-transport-081,char5,1,true,true,1190100,91800,9,12
B-transport-081,char5,2,true,true,1192900,89800,9,12
B-transport-081,char5,3,true,true,1201300,90700,9,12
B-transport-081,char5,4,true,true,1310300,129800,9,12
B-transport-081,char5,5,true,true,1529600,84100,9,12
B-transport-081,char5,6,true,true,1118300,98100,9,12
B-transport-081,char5,7,true,true,1070100,82800,9,12
B-transport-081,char5,8,true,true,2371100,79900,9,12
B-transport-081,char5,9,true,true,1342800,133700,9,12
B-transport-081,random,0,true,true,860300,94900,5,7
B-transport-081,random,1,true,true,771500,77900,5,7
B-transport-081,random,2,true,true,771400,76800,5,7
B-transport-081,random,3,true,true,1068800,75500,5,7
B-transport-081,random,4,true,true,847700,89200,5,7
B-transport-081,random,5,true,true,816000,84400,5,7
B-transport-081,random,6,true,true,881200,93100,5,7
B-transport-081,random,7,true,true,874200,84600,5,7
B-transport-081,random,8,true,true,840800,89600,5,7
B-transport-081,random,9,true,true,1270100,90900,5,7
B-transport-081,monolithic,0,true,true,269000,147100,1,1
B-transport-081,monolithic,1,true,true,254500,132200,1,1
B-transport-081,monolithic,2,true,true,260100,132200,1,1
B-transport-081,monolithic,3,true,true,262400,137500,1,1
B-transport-081,monolithic,4,true,true,259500,135500,1,1
B-transport-081,monolithic,5,true,true,264000,140700,1,1
B-transport-081,monolithic,6,true,true,271600,140900,1,1
B-transport-081,monolithic,7,true,true,284500,148800,1,1
B-transport-081,monolithic,8,true,true,1006300,148900,1,1
B-transport-081,monolithic,9,true,true,694800,330100,1,1
B-transport-082,char1,0,true,true,5631700,295000,39,60
B-transport-082,char1,1,true,true,5867400,301000,39,60
B-transport-082,char1,2,true,true,7966100,321600,39,60
B-transport-082,char1,3,true,true,5062300,270000,39,60
B-transport-082,char1,4,true,true,7946600,264900,39,60
B-transport-082,char1,5,true,true,5588600,266700,39,60
B-transport-082,char1,6,true,true,5424400,280300,39,60
B-transport-082,char1,7,true,true,6483200,292300,39,60
B-transport-082,char1,8,true,true,5077700,263900,39,60
B-transport-082,char1,9,true,true,8001200,252600,39,60
B-transport-082,char5,0,true,true,1167200,99600,9,12
B-transport-082,char5,1,true,true,1097800,83100,9,12
B-transport-082,char5,2,true,true,1084300,81500,9,12
B-transport-082,char5,3,true,true,1074700,80300,9,12
B-transport-082,char5,4,true,true,1075600,79300,9,12
B-transport-082,char5,5,true,true,1073500,81200,9,12
B-transport-082,char5,6,true,true,1076900,80700,9,12
B-transport-082,char5,7,true,true,1080500,81200,9,12
B-transport-082,char5,8,true,true,1074900,83100,9,12
B-transport-082,char5,9,true,true,1086600,79700,9,12
B-transport-082,random,0,true,true,1977800,115200,5,7
B-transport-082,random,1,true,true,804700,107900,5,7
B-transport-082,random,2,true,true,755500,99900,5,7
B-transport-082,random,3,true,true,732500,93300,5,7
B-transport-082,random,4,true,true,1197700,129000,5,7
B-transport-082,random,5,true,true,1241200,247900,5,7
B-transport-082,random,6,true,true,774800,107400,5,7
B-transport-082,random,7,true,true,781400,100800,5,7
B-transport-082,random,8,true,true,803400,99600,5,7
B-transport-082,random,9,true,true,828300,104600,5,7
B-transport-082,monolithic,0,true,true,282100,150000,1,1
B-transport-082,monolithic,1,true,true,269100,139800,1,1
B-transport-082,monolithic,2,true,true,274400,145000,1,1
B-transport-082,monolithic,3,true,true,293700,164700,1,1
B-transport-082,monolithic,4,true,true,279700,146300,1,1
B-transport-082,monolithic,5,true,true,280600,145700,1,1
B-transport-082,monolithic,6,true,true,278600,149100,1,1
B-transport-082,monolithic,7,true,true,281600,153100,1,1
B-transport-082,monolithic,8,true,true,261400,136900,1,1
B-transport-082,monolithic,9,true,true,265700,136400,1,1
B-transport-083,char1,0,true,true,8372300,325800,39,60
B-transport-083,char1,1,true,true,6056900,298900,39,60
B-transport-083,char1,2,true,true,8008100,350100,39,60
B-transport-083,char1,3,true,true,5110700,298100,39,60
B-transport-083,char1,4,true,true,6129800,255400,39,60
B-transport-083,char1,5,true,true,7332600,423900,39,60
B-transport-083,char1,6,true,true,5688100,299900,39,60
B-transport-083,char1,7,true,true,7187000,292600,39,60
B-transport-083,char1,8,true,true,6539900,320200,39,60
B-transport-083,char1,9,true,true,7076900,332600,39,60
B-transport-083,char5,0,true,true,1355300,91800,9,12
B-transport-083,char5,1,true,true,1085800,84800,9,12
B-transport-083,char5,2,true,true,1077900,80800,9,12
B-transport-083,char5,3,true,true,1075200,81600,9,12
B-transport-083,char5,4,true,true,1517300,81400,9,12
B-transport-083,char5,5,true,true,1110500,96500,9,12
B-transport-083,char5,6,true,true,1067800,83200,9,12
B-transport-083,char5,7,true,true,1063800,79600,9,12
B-transport-083,char5,8,true,true,2406100,80200,9,12
B-transport-083,char5,9,true,true,1167300,129500,9,12
B-transport-083,random,0,true,true,761500,90800,4,6
B-transport-083,random,1,true,true,752400,103600,4,6
B-transport-083,random,2,true,true,749300,99400,4,6
B-transport-083,random,3,true,true,787100,109200,4,6
B-transport-083,random,4,true,true,737400,98300,4,6
B-transport-083,random,5,true,true,781100,89300,4,6
B-transport-083,random,6,true,true,719200,121500,4,6
B-transport-083,random,7,true,true,666300,88700,4,6
B-transport-083,random,8,true,true,657000,87200,4,6
B-transport-083,random,9,true,true,662600,86700,4,6
B-transport-083,monolithic,0,true,true,217900,113100,1,1
B-transport-083,monolithic,1,true,true,216800,113100,1,1
B-transport-083,monolithic,2,true,true,230900,113800,1,1
B-transport-083,monolithic,3,true,true,233700,128500,1,1
B-transport-083,monolithic,4,true,true,219300,112700,1,1
B-transport-083,monolithic,5,true,true,220900,116700,1,1
B-transport-083,monolithic,6,true,true,219700,115400,1,1
B-transport-083,monolithic,7,true,true,218800,114300,1,1
B-transport-083,monolithic,8,true,true,219100,114400,1,1
B-transport-083,monolithic,9,true,true,220700,116800,1,1
B-transport-084,char1,0,true,true,6310700,258700,39,60
B-transport-084,char1,1,true,true,6447500,302700,39,60
B-transport-084,char1,2,true,true,7532500,349500,39,60
B-transport-084,char1,3,true,true,5488100,288300,39,60
B-transport-084,char1,4,true,true,5728800,361200,39,60
B-transport-084,char1,5,true,true,5747700,271600,39,60
B-transport-084,char1,6,true,true,5284700,265400,39,60
B-transport-084,char1,7,true,true,5382500,439100,39,60
B-transport-084,char1,8,true,true,7020200,2223000,39,60
B-transport-084,char1,9,true,true,5674800,256600,39,60
B-transport-084,char5,0,true,true,1304300,112200,9,12
B-transport-084,char5,1,true,true,2171200,98100,9,12
B-transport-084,char5,2,true,true,1648500,192600,9,12
B-transport-084,char5,3,true,true,1315700,110000,9,12
B-transport-084,char5,4,true,true,1386100,121500,9,12
B-transport-084,char5,5,true,true,1377000,117200,9,12
B-transport-084,char5,6,true,true,1351700,118500,9,12
B-transport-084,char5,7,true,true,1325900,103900,9,12
B-transport-084,char5,8,true,true,1311500,96800,9,12
B-transport-084,char5,9,true,true,1485600,105200,9,12
B-transport-084,random,0,true,true,793300,98000,6,8
B-transport-084,random,1,true,true,776600,89500,6,8
B-transport-084,random,2,true,true,1948800,88600,6,8
B-transport-084,random,3,true,true,1036400,113500,6,8
B-transport-084,random,4,true,true,861900,100000,6,8
B-transport-084,random,5,true,true,862500,100400,6,8
B-transport-084,random,6,true,true,850400,107800,6,8
B-transport-084,random,7,true,true,940500,179100,6,8
B-transport-084,random,8,true,true,1037700,119000,6,8
B-transport-084,random,9,true,true,1049300,95200,6,8
B-transport-084,monolithic,0,true,true,259500,133100,1,1
B-transport-084,monolithic,1,true,true,251200,131600,1,1
B-transport-084,monolithic,2,true,true,280600,148800,1,1
B-transport-084,monolithic,3,true,true,242300,132900,1,1
B-transport-084,monolithic,4,true,true,240000,126300,1,1
B-transport-084,monolithic,5,true,true,237700,127100,1,1
B-transport-084,monolithic,6,true,true,241300,128300,1,1
B-transport-084,monolithic,7,true,true,237000,126500,1,1
B-transport-084,monolithic,8,true,true,239500,126600,1,1
B-transport-084,monolithic,9,true,true,272300,145700,1,1
B-transport-085,char1,0,true,true,7040700,307200,39,60
B-transport-085,char1,1,true,true,5558300,312700,39,60
B-transport-085,char1,2,true,true,6051400,297900,39,60
B-transport-085,char1,3,true,true,6867600,1585000,39,60
B-transport-085,char1,4,true,true,5654900,293900,39,60
B-transport-085,char1,5,true,true,7600300,292300,39,60
B-transport-085,char1,6,true,true,6175900,394500,39,60
B-transport-085,char1,7,true,true,9359200,345900,39,60
B-transport-085,char1,8,true,true,5377400,284600,39,60
B-transport-085,char1,9,true,true,9897400,291300,39,60
B-transport-085,char5,0,true,true,1261800,143200,9,12
B-transport-085,char5,1,true,true,2562800,122300,9,12
B-transport-085,char5,2,true,true,1407700,157200,9,12
B-transport-085,char5,3,true,true,1163700,102900,9,12
B-transport-085,char5,4,true,true,1090000,83400,9,12
B-transport-085,char5,5,true,true,2555000,80800,9,12
B-transport-085,char5,6,true,true,1459500,100900,9,12
B-transport-085,char5,7,true,true,1241000,107800,9,12
B-transport-085,char5,8,true,true,1200200,97400,9,12
B-transport-085,char5,9,true,true,1166200,89200,9,12
B-transport-085,random,0,true,true,780100,106700,5,7
B-transport-085,random,1,true,true,783000,104700,5,7
B-transport-085,random,2,true,true,784100,108200,5,7
B-transport-085,random,3,true,true,784500,110300,5,7
B-transport-085,random,4,true,true,785600,109600,5,7
B-transport-085,random,5,true,true,792100,110400,5,7
B-transport-085,random,6,true,true,788600,110400,5,7
B-transport-085,random,7,true,true,821200,125300,5,7
B-transport-085,random,8,true,true,778700,106700,5,7
B-transport-085,random,9,true,true,785000,105500,5,7
B-transport-085,monolithic,0,true,true,2492500,2371200,1,1
B-transport-085,monolithic,1,true,true,256300,136400,1,1
B-transport-085,monolithic,2,true,true,603900,435700,1,1
B-transport-085,monolithic,3,true,true,241400,127800,1,1
B-transport-085,monolithic,4,true,true,239000,127500,1,1
B-transport-085,monolithic,5,true,true,239300,128600,1,1
B-transport-085,monolithic,6,true,true,235900,121000,1,1
B-transport-085,monolithic,7,true,true,237600,122300,1,1
B-transport-085,monolithic,8,true,true,239600,124700,1,1
B-transport-085,monolithic,9,true,true,236100,125200,1,1
B-transport-086,char1,0,true,true,7118000,284700,39,60
B-transport-086,char1,1,true,true,8651600,558700,39,60
B-transport-086,char1,2,true,true,6449800,324400,39,60
B-transport-086,char1,3,true,true,7113200,336900,39,60
B-transport-086,char1,4,true,true,5744500,293000,39,60
B-transport-086,char1,5,true,true,7770000,288000,39,60
B-transport-086,char1,6,true,true,7034200,361300,39,60
B-transport-086,char1,7,true,true,5960400,313400,39,60
B-transport-086,char1,8,true,true,6011800,326600,39,60
B-transport-086,char1,9,true,true,6313600,845800,39,60
B-transport-086,char5,0,true,true,1102600,88000,9,12
B-transport-086,char5,1,true,true,2159500,81400,9,12
B-transport-086,char5,2,true,true,1104300,92200,9,12
B-transport-086,char5,3,true,true,1082800,83800,9,12
B-transport-086,char5,4,true,true,1077100,82500,9,12
B-transport-086,char5,5,true,true,1063000,81400,9,12
B-transport-086,char5,6,true,true,1070100,79800,9,12
B-transport-086,char5,7,true,true,1276200,82200,9,12
B-transport-086,char5,8,true,true,1819700,112200,9,12
B-transport-086,char5,9,true,true,1178700,98900,9,12
B-transport-086,random,0,true,true,1028500,58500,6,7
B-transport-086,random,1,true,true,1341100,65500,6,7
B-transport-086,random,2,true,true,907600,71500,6,7
B-transport-086,random,3,true,true,911500,65900,6,7
B-transport-086,random,4,true,true,4166600,67800,6,7
B-transport-086,random,5,true,true,1242100,133200,6,7
B-transport-086,random,6,true,true,977300,167900,6,7
B-transport-086,random,7,true,true,804400,67100,6,7
B-transport-086,random,8,true,true,884200,57600,6,7
B-transport-086,random,9,true,true,945400,65900,6,7
B-transport-086,monolithic,0,true,true,462100,265400,1,1
B-transport-086,monolithic,1,true,true,399900,145100,1,1
B-transport-086,monolithic,2,true,true,384200,252100,1,1
B-transport-086,monolithic,3,true,true,228300,122800,1,1
B-transport-086,monolithic,4,true,true,220800,115900,1,1
B-transport-086,monolithic,5,true,true,220100,116000,1,1
B-transport-086,monolithic,6,true,true,218800,115000,1,1
B-transport-086,monolithic,7,true,true,217300,112800,1,1
B-transport-086,monolithic,8,true,true,219100,114900,1,1
B-transport-086,monolithic,9,true,true,217200,114400,1,1
B-transport-087,char1,0,true,true,6206100,273500,39,60
B-transport-087,char1,1,true,true,5504700,330200,39,60
B-transport-087,char1,2,true,true,5181500,387200,39,60
B-transport-087,char1,3,true,true,6068700,256700,39,60
B-transport-087,char1,4,true,true,5691700,267700,39,60
B-transport-087,char1,5,true,true,7589700,676600,39,60
B-transport-087,char1,6,true,true,5804800,291700,39,60
B-transport-087,char1,7,true,true,5524900,283400,39,60
B-transport-087,char1,8,true,true,7139600,271800,39,60
B-transport-087,char1,9,true,true,5620500,304800,39,60
B-transport-087,char5,0,true,true,1976600,107100,9,12
B-transport-087,char5,1,true,true,1422000,120500,9,12
B-transport-087,char5,2,true,true,1988100,250600,9,12
B-transport-087,char5,3,true,true,1331600,109600,9,12
B-transport-087,char5,4,true,true,1278100,152300,9,12
B-transport-087,char5,5,true,true,1802700,129600,9,12
B-transport-087,char5,6,true,true,1304700,118900,9,12
B-transport-087,char5,7,true,true,1254900,100500,9,12
B-transport-087,char5,8,true,true,1297300,106600,9,12
B-transport-087,char5,9,true,true,1817600,120400,9,12
B-transport-087,random,0,true,true,899200,76500,6,7
B-transport-087,random,1,true,true,2073400,233300,6,7
B-transport-087,random,2,true,true,923000,67600,6,7
B-transport-087,random,3,true,true,809400,60800,6,7
B-transport-087,random,4,true,true,825900,64700,6,7
B-transport-087,random,5,true,true,797400,60600,6,7
B-transport-087,random,6,true,true,836200,61700,6,7
B-transport-087,random,7,true,true,968500,70700,6,7
B-transport-087,random,8,true,true,797500,61600,6,7
B-transport-087,random,9,true,true,831400,60200,6,7
B-transport-087,monolithic,0,true,true,223000,116800,1,1
B-transport-087,monolithic,1,true,true,221200,116800,1,1
B-transport-087,monolithic,2,true,true,223000,114800,1,1
B-transport-087,monolithic,3,true,true,221100,114300,1,1
B-transport-087,monolithic,4,true,true,220600,116400,1,1
B-transport-087,monolithic,5,true,true,221700,114500,1,1
B-transport-087,monolithic,6,true,true,219600,114500,1,1
B-transport-087,monolithic,7,true,true,221300,116600,1,1
B-transport-087,monolithic,8,true,true,222600,117700,1,1
B-transport-087,monolithic,9,true,true,220400,114600,1,1
B-transport-088,char1,0,true,true,8673700,255300,39,60
B-transport-088,char1,1,true,true,6130600,343400,39,60
B-transport-088,char1,2,true,true,8296200,293500,39,60
B-transport-088,char1,3,true,true,6670300,648400,39,60
B-transport-088,char1,4,true,true,6668200,303300,39,60
B-transport-088,char1,5,true,true,5519500,272700,39,60
B-transport-088,char1,6,true,true,5619400,293000,39,60
B-transport-088,char1,7,true,true,6220200,310900,39,60
B-transport-088,char1,8,true,true,7165200,327700,39,60
B-transport-088,char1,9,true,true,5598700,288000,39,60
B-transport-088,char5,0,true,true,1225900,168900,9,12
B-transport-088,char5,1,true,true,1235200,84700,9,12
B-transport-088,char5,2,true,true,1356400,98900,9,12
B-transport-088,char5,3,true,true,3654400,111500,9,12
B-transport-088,char5,4,true,true,1407500,106100,9,12
B-transport-088,char5,5,true,true,1248100,102100,9,12
B-transport-088,char5,6,true,true,1217300,93900,9,12
B-transport-088,char5,7,true,true,1368300,93400,9,12
B-transport-088,char5,8,true,true,1093300,90300,9,12
B-transport-088,char5,9,true,true,1083100,80700,9,12
B-transport-088,random,0,true,true,640100,66100,4,6
B-transport-088,random,1,true,true,627200,62700,4,6
B-transport-088,random,2,true,true,632400,61300,4,6
B-transport-088,random,3,true,true,956800,72600,4,6
B-transport-088,random,4,true,true,637800,71000,4,6
B-transport-088,random,5,true,true,623300,63200,4,6
B-transport-088,random,6,true,true,973400,62400,4,6
B-transport-088,random,7,true,true,1339300,153100,4,6
B-transport-088,random,8,true,true,638500,68100,4,6
B-transport-088,random,9,true,true,625900,61700,4,6
B-transport-088,monolithic,0,true,true,221800,116300,1,1
B-transport-088,monolithic,1,true,true,221800,114700,1,1
B-transport-088,monolithic,2,true,true,220200,116600,1,1
B-transport-088,monolithic,3,true,true,219300,113700,1,1
B-transport-088,monolithic,4,true,true,219900,114600,1,1
B-transport-088,monolithic,5,true,true,219700,113300,1,1
B-transport-088,monolithic,6,true,true,219500,116400,1,1
B-transport-088,monolithic,7,true,true,301400,177500,1,1
B-transport-088,monolithic,8,true,true,225300,118800,1,1
B-transport-088,monolithic,9,true,true,247400,125500,1,1
B-transport-089,char1,0,true,true,5234500,336900,39,60
B-transport-089,char1,1,true,true,6733000,257400,39,60
B-transport-089,char1,2,true,true,5081300,268700,39,60
B-transport-089,char1,3,true,true,4991300,264400,39,60
B-transport-089,char1,4,true,true,6843900,413600,39,60
B-transport-089,char1,5,true,true,5374700,291100,39,60
B-transport-089,char1,6,true,true,5381800,271600,39,60
B-transport-089,char1,7,true,true,6344600,270000,39,60
B-transport-089,char1,8,true,true,6752200,391300,39,60
B-transport-089,char1,9,true,true,6131700,271500,39,60
B-transport-089,char5,0,true,true,1100800,91800,9,12
B-transport-089,char5,1,true,true,1129500,107000,9,12
B-transport-089,char5,2,true,true,1418600,82000,9,12
B-transport-089,char5,3,true,true,3742700,347500,9,12
B-transport-089,char5,4,true,true,1472700,102000,9,12
B-transport-089,char5,5,true,true,1224200,93400,9,12
B-transport-089,char5,6,true,true,1326100,93100,9,12
B-transport-089,char5,7,true,true,2758300,99100,9,12
B-transport-089,char5,8,true,true,1256400,204200,9,12
B-transport-089,char5,9,true,true,1074700,83800,9,12
B-transport-089,random,0,true,true,649200,69800,3,6
B-transport-089,random,1,true,true,659300,71800,3,6
B-transport-089,random,2,true,true,659100,69400,3,6
B-transport-089,random,3,true,true,659900,68800,3,6
B-transport-089,random,4,true,true,1188000,244500,3,6
B-transport-089,random,5,true,true,713300,114300,3,6
B-transport-089,random,6,true,true,657900,71400,3,6
B-transport-089,random,7,true,true,657600,69400,3,6
B-transport-089,random,8,true,true,655200,68900,3,6
B-transport-089,random,9,true,true,656200,69800,3,6
B-transport-089,monolithic,0,true,true,222400,116300,1,1
B-transport-089,monolithic,1,true,true,221900,115200,1,1
B-transport-089,monolithic,2,true,true,219700,116000,1,1
B-transport-089,monolithic,3,true,true,219800,115000,1,1
B-transport-089,monolithic,4,true,true,220300,113000,1,1
B-transport-089,monolithic,5,true,true,219700,115700,1,1
B-transport-089,monolithic,6,true,true,221700,115900,1,1
B-transport-089,monolithic,7,true,true,254900,122400,1,1
B-transport-089,monolithic,8,true,true,246200,131300,1,1
B-transport-089,monolithic,9,true,true,282300,162700,1,1
B-transport-090,char1,0,true,true,5419800,344100,39,60
B-transport-090,char1,1,true,true,6178500,259900,39,60
B-transport-090,char1,2,true,true,5043900,273200,39,60
B-transport-090,char1,3,true,true,5272700,255400,39,60
B-transport-090,char1,4,true,true,8390400,263300,39,60
B-transport-090,char1,5,true,true,5524700,384700,39,60
B-transport-090,char1,6,true,true,6827700,265700,39,60
B-transport-090,char1,7,true,true,6419400,342300,39,60
B-transport-090,char1,8,true,true,9774300,341200,39,60
B-transport-090,char1,9,true,true,5723900,263300,39,60
B-transport-090,char5,0,true,true,1111100,95300,9,12
B-transport-090,char5,1,true,true,1664400,82800,9,12
B-transport-090,char5,2,true,true,1898500,98100,9,12
B-transport-090,char5,3,true,true,1365100,139100,9,12
B-transport-090,char5,4,true,true,1136200,91600,9,12
B-transport-090,char5,5,true,true,1110500,90300,9,12
B-transport-090,char5,6,true,true,1083700,81400,9,12
B-transport-090,char5,7,true,true,1372200,88500,9,12
B-transport-090,char5,8,true,true,1089400,82900,9,12
B-transport-090,char5,9,true,true,1081500,80600,9,12
B-transport-090,random,0,true,true,593400,84000,4,6
B-transport-090,random,1,true,true,593400,86100,4,6
B-transport-090,random,2,true,true,594800,86000,4,6
B-transport-090,random,3,true,true,588200,85300,4,6
B-transport-090,random,4,true,true,594200,85500,4,6
B-transport-090,random,5,true,true,694300,121800,4,6
B-transport-090,random,6,true,true,981200,108000,4,6
B-transport-090,random,7,true,true,2455900,178900,4,6
B-transport-090,random,8,true,true,831100,248100,4,6
B-transport-090,random,9,true,true,601700,91700,4,6
B-transport-090,monolithic,0,true,true,237000,117000,1,1
B-transport-090,monolithic,1,true,true,261500,134900,1,1
B-transport-090,monolithic,2,true,true,233100,127600,1,1
B-transport-090,monolithic,3,true,true,219000,115600,1,1
B-transport-090,monolithic,4,true,true,218200,114300,1,1
B-transport-090,monolithic,5,true,true,215900,112300,1,1
B-transport-090,monolithic,6,true,true,216600,114100,1,1
B-transport-090,monolithic,7,true,true,217400,113900,1,1
B-transport-090,monolithic,8,true,true,218300,113400,1,1
B-transport-090,monolithic,9,true,true,217000,113600,1,1
B-transport-091,char1,0,true,true,5069100,263100,39,60
B-transport-091,char1,1,true,true,7979600,267000,39,60
B-transport-091,char1,2,true,true,5508200,295100,39,60
B-transport-091,char1,3,true,true,5632600,299600,39,60
B-transport-091,char1,4,true,true,9105200,2468200,39,60
B-transport-091,char1,5,true,true,5018100,268600,39,60
B-transport-091,char1,6,true,true,7463000,255800,39,60
B-transport-091,char1,7,true,true,5569500,336100,39,60
B-transport-091,char1,8,true,true,7604700,294400,39,60
B-transport-091,char1,9,true,true,6177500,321700,39,60
B-transport-091,char5,0,true,true,1237100,103900,9,12
B-transport-091,char5,1,true,true,1179900,89300,9,12
B-transport-091,char5,2,true,true,1075400,84400,9,12
B-transport-091,char5,3,true,true,1213300,79700,9,12
B-transport-091,char5,4,true,true,1791800,159200,9,12
B-transport-091,char5,5,true,true,1235300,99400,9,12
B-transport-091,char5,6,true,true,1223500,93700,9,12
B-transport-091,char5,7,true,true,1620400,90700,9,12
B-transport-091,char5,8,true,true,1555600,281500,9,12
B-transport-091,char5,9,true,true,1528400,110200,9,12
B-transport-091,random,0,true,true,785300,147400,5,9
B-transport-091,random,1,true,true,789100,152600,5,9
B-transport-091,random,2,true,true,787900,153500,5,9
B-transport-091,random,3,true,true,782400,156000,5,9
B-transport-091,random,4,true,true,782600,154000,5,9
B-transport-091,random,5,true,true,783600,150000,5,9
B-transport-091,random,6,true,true,780600,148600,5,9
B-transport-091,random,7,true,true,2007600,1079000,5,9
B-transport-091,random,8,true,true,808600,168100,5,9
B-transport-091,random,9,true,true,772100,148300,5,9
B-transport-091,monolithic,0,true,true,243000,126900,1,1
B-transport-091,monolithic,1,true,true,239000,125900,1,1
B-transport-091,monolithic,2,true,true,259500,126600,1,1
B-transport-091,monolithic,3,true,true,237300,122500,1,1
B-transport-091,monolithic,4,true,true,236600,123200,1,1
B-transport-091,monolithic,5,true,true,502000,365900,1,1
B-transport-091,monolithic,6,true,true,262900,142200,1,1
B-transport-091,monolithic,7,true,true,251700,131500,1,1
B-transport-091,monolithic,8,true,true,256800,137200,1,1
B-transport-091,monolithic,9,true,true,245700,130000,1,1
B-transport-092,char1,0,true,true,6028200,307300,39,60
B-transport-092,char1,1,true,true,7000100,317200,39,60
B-transport-092,char1,2,true,true,7436000,266200,39,60
B-transport-092,char1,3,true,true,6113100,280600,39,60
B-transport-092,char1,4,true,true,5446500,268400,39,60
B-transport-092,char1,5,true,true,5088800,282900,39,60
B-transport-092,char1,6,true,true,6498200,268600,39,60
B-transport-092,char1,7,true,true,6006300,296700,39,60
B-transport-092,char1,8,true,true,7555100,334000,39,60
B-transport-092,char1,9,true,true,5482100,297700,39,60
B-transport-092,char5,0,true,true,1540300,92200,9,12
B-transport-092,char5,1,true,true,1765600,112600,9,12
B-transport-092,char5,2,true,true,1291200,122700,9,12
B-transport-092,char5,3,true,true,1112700,83900,9,12
B-transport-092,char5,4,true,true,1095000,107800,9,12
B-transport-092,char5,5,true,true,2823000,80700,9,12
B-transport-092,char5,6,true,true,1150100,92100,9,12
B-transport-092,char5,7,true,true,1136800,90700,9,12
B-transport-092,char5,8,true,true,1567000,92100,9,12
B-transport-092,char5,9,true,true,1130300,100500,9,12
B-transport-092,random,0,true,true,1010500,101000,8,10
B-transport-092,random,1,true,true,1258000,168600,8,10
B-transport-092,random,2,true,true,2371400,1175300,8,10
B-transport-092,random,3,true,true,1249600,137900,8,10
B-transport-092,random,4,true,true,1281400,139100,8,10
B-transport-092,random,5,true,true,2380100,1404900,8,10
B-transport-092,random,6,true,true,1044900,111100,8,10
B-transport-092,random,7,true,true,1031400,102500,8,10
B-transport-092,random,8,true,true,1030500,98600,8,10
B-transport-092,random,9,true,true,1084700,101800,8,10
B-transport-092,monolithic,0,true,true,222700,117800,1,1
B-transport-092,monolithic,1,true,true,224400,117300,1,1
B-transport-092,monolithic,2,true,true,220300,113600,1,1
B-transport-092,monolithic,3,true,true,219700,116600,1,1
B-transport-092,monolithic,4,true,true,217900,113600,1,1
B-transport-092,monolithic,5,true,true,222100,114800,1,1
B-transport-092,monolithic,6,true,true,219700,116800,1,1
B-transport-092,monolithic,7,true,true,219400,116300,1,1
B-transport-092,monolithic,8,true,true,219100,112600,1,1
B-transport-092,monolithic,9,true,true,218400,114700,1,1
B-transport-093,char1,0,true,true,5799300,260900,39,60
B-transport-093,char1,1,true,true,7328800,2180600,39,60
B-transport-093,char1,2,true,true,5053600,274300,39,60
B-transport-093,char1,3,true,true,6936800,265900,39,60
B-transport-093,char1,4,true,true,6209500,296400,39,60
B-transport-093,char1,5,true,true,5613400,275800,39,60
B-transport-093,char1,6,true,true,5769000,922200,39,60
B-transport-093,char1,7,true,true,5019600,255000,39,60
B-transport-093,char1,8,true,true,8747500,265700,39,60
B-transport-093,char1,9,true,true,6086800,322800,39,60
B-transport-093,char5,0,true,true,1320500,117000,9,12
B-transport-093,char5,1,true,true,1286300,93800,9,12
B-transport-093,char5,2,true,true,1627900,104700,9,12
B-transport-093,char5,3,true,true,1913300,118500,9,12
B-transport-093,char5,4,true,true,1122900,89100,9,12
B-transport-093,char5,5,true,true,1082700,85200,9,12
B-transport-093,char5,6,true,true,1822600,136900,9,12
B-transport-093,char5,7,true,true,1613200,227000,9,12
B-transport-093,char5,8,true,true,1196200,106500,9,12
B-transport-093,char5,9,true,true,1138400,92100,9,12
B-transport-093,random,0,true,true,929700,123500,7,9
B-transport-093,random,1,true,true,975100,129000,7,9
B-transport-093,random,2,true,true,886500,133900,7,9
B-transport-093,random,3,true,true,870000,122000,7,9
B-transport-093,random,4,true,true,866100,119800,7,9
B-transport-093,random,5,true,true,2900300,122700,7,9
B-transport-093,random,6,true,true,976800,154700,7,9
B-transport-093,random,7,true,true,1004500,121900,7,9
B-transport-093,random,8,true,true,1686000,191700,7,9
B-transport-093,random,9,true,true,872000,126400,7,9
B-transport-093,monolithic,0,true,true,242800,131400,1,1
B-transport-093,monolithic,1,true,true,829500,565000,1,1
B-transport-093,monolithic,2,true,true,289300,171300,1,1
B-transport-093,monolithic,3,true,true,241500,127100,1,1
B-transport-093,monolithic,4,true,true,243700,126700,1,1
B-transport-093,monolithic,5,true,true,242700,127200,1,1
B-transport-093,monolithic,6,true,true,239000,125400,1,1
B-transport-093,monolithic,7,true,true,237700,126000,1,1
B-transport-093,monolithic,8,true,true,237500,122800,1,1
B-transport-093,monolithic,9,true,true,237000,125000,1,1
B-transport-094,char1,0,true,true,10544300,282700,39,60
B-transport-094,char1,1,true,true,6120000,337400,39,60
B-transport-094,char1,2,true,true,8311600,323600,39,60
B-transport-094,char1,3,true,true,5520500,444900,39,60
B-transport-094,char1,4,true,true,6061300,273400,39,60
B-transport-094,char1,5,true,true,6406600,287100,39,60
B-transport-094,char1,6,true,true,6190200,333000,39,60
B-transport-094,char1,7,true,true,7667700,344700,39,60
B-transport-094,char1,8,true,true,5987600,334300,39,60
B-transport-094,char1,9,true,true,6204400,270300,39,60
B-transport-094,char5,0,true,true,1146200,91000,9,12
B-transport-094,char5,1,true,true,2579100,84500,9,12
B-transport-094,char5,2,true,true,1370400,118700,9,12
B-transport-094,char5,3,true,true,1392600,124300,9,12
B-transport-094,char5,4,true,true,1325300,106500,9,12
B-transport-094,char5,5,true,true,1322600,108100,9,12
B-transport-094,char5,6,true,true,1307900,103500,9,12
B-transport-094,char5,7,true,true,1423400,99800,9,12
B-transport-094,char5,8,true,true,1916800,107600,9,12
B-transport-094,char5,9,true,true,1313800,113400,9,12
B-transport-094,random,0,true,true,914200,106500,7,8
B-transport-094,random,1,true,true,1097000,107500,7,8
B-transport-094,random,2,true,true,916600,123500,7,8
B-transport-094,random,3,true,true,856800,98300,7,8
B-transport-094,random,4,true,true,852900,95500,7,8
B-transport-094,random,5,true,true,844800,95700,7,8
B-transport-094,random,6,true,true,1250600,172300,7,8
B-transport-094,random,7,true,true,905200,132800,7,8
B-transport-094,random,8,true,true,883700,96800,7,8
B-transport-094,random,9,true,true,839000,94400,7,8
B-transport-094,monolithic,0,true,true,234400,122700,1,1
B-transport-094,monolithic,1,true,true,233800,122800,1,1
B-transport-094,monolithic,2,true,true,236200,123400,1,1
B-transport-094,monolithic,3,true,true,233400,120800,1,1
B-transport-094,monolithic,4,true,true,233800,123000,1,1
B-transport-094,monolithic,5,true,true,235100,123900,1,1
B-transport-094,monolithic,6,true,true,235600,123400,1,1
B-transport-094,monolithic,7,true,true,234300,122200,1,1
B-transport-094,monolithic,8,true,true,233400,122400,1,1
B-transport-094,monolithic,9,true,true,233200,122000,1,1
B-transport-095,char1,0,true,true,7308800,289100,39,60
B-transport-095,char1,1,true,true,4927800,265400,39,60
B-transport-095,char1,2,true,true,6469600,256000,39,60
B-transport-095,char1,3,true,true,5955400,314900,39,60
B-transport-095,char1,4,true,true,5513400,357100,39,60
B-transport-095,char1,5,true,true,6199100,264800,39,60
B-transport-095,char1,6,true,true,6313300,274700,39,60
B-transport-095,char1,7,true,true,6981700,327600,39,60
B-transport-095,char1,8,true,true,5751800,288000,39,60
B-transport-095,char1,9,true,true,5974200,279700,39,60
B-transport-095,char5,0,true,true,2316000,925700,9,12
B-transport-095,char5,1,true,true,1132100,91800,9,12
B-transport-095,char5,2,true,true,1083000,81400,9,12
B-transport-095,char5,3,true,true,1160600,80800,9,12
B-transport-095,char5,4,true,true,1403900,186600,9,12
B-transport-095,char5,5,true,true,1213000,97100,9,12
B-transport-095,char5,6,true,true,1474800,91000,9,12
B-transport-095,char5,7,true,true,1423500,171400,9,12
B-transport-095,char5,8,true,true,1368000,107600,9,12
B-transport-095,char5,9,true,true,1382700,121300,9,12
B-transport-095,random,0,true,true,2177500,112500,6,9
B-transport-095,random,1,true,true,924600,88000,6,9
B-transport-095,random,2,true,true,908500,82700,6,9
B-transport-095,random,3,true,true,904600,80700,6,9
B-transport-095,random,4,true,true,897100,79500,6,9
B-transport-095,random,5,true,true,915800,78500,6,9
B-transport-095,random,6,true,true,942700,85100,6,9
B-transport-095,random,7,true,true,901600,79500,6,9
B-transport-095,random,8,true,true,902700,79400,6,9
B-transport-095,random,9,true,true,1285000,79800,6,9
B-transport-095,monolithic,0,true,true,241800,127500,1,1
B-transport-095,monolithic,1,true,true,238000,125800,1,1
B-transport-095,monolithic,2,true,true,235400,123400,1,1
B-transport-095,monolithic,3,true,true,236100,125700,1,1
B-transport-095,monolithic,4,true,true,236400,123700,1,1
B-transport-095,monolithic,5,true,true,238400,123300,1,1
B-transport-095,monolithic,6,true,true,236600,125500,1,1
B-transport-095,monolithic,7,true,true,236200,123800,1,1
B-transport-095,monolithic,8,true,true,237500,124400,1,1
B-transport-095,monolithic,9,true,true,236200,121800,1,1
B-transport-096,char1,0,true,true,7286500,318500,39,60
B-transport-096,char1,1,true,true,5064900,264700,39,60
B-transport-096,char1,2,true,true,6702700,274800,39,60
B-transport-096,char1,3,true,true,6141900,296700,39,60
B-transport-096,char1,4,true,true,5300400,273300,39,60
B-transport-096,char1,5,true,true,6002000,275000,39,60
B-transport-096,char1,6,true,true,5029200,263500,39,60
B-transport-096,char1,7,true,true,5818400,258900,39,60
B-transport-096,char1,8,true,true,7639300,432000,39,60
B-transport-096,char1,9,true,true,6033500,318500,39,60
B-transport-096,char5,0,true,true,2463400,115900,9,12
B-transport-096,char5,1,true,true,1162600,126000,9,12
B-transport-096,char5,2,true,true,1113700,83100,9,12
B-transport-096,char5,3,true,true,1450800,82800,9,12
B-transport-096,char5,4,true,true,1211600,101900,9,12
B-transport-096,char5,5,true,true,1553400,95200,9,12
B-transport-096,char5,6,true,true,1099700,91600,9,12
B-transport-096,char5,7,true,true,1063800,80600,9,12
B-transport-096,char5,8,true,true,1066900,79700,9,12
B-transport-096,char5,9,true,true,1091900,80000,9,12
B-transport-096,random,0,true,true,623300,59700,5,6
B-transport-096,random,1,true,true,616500,58000,5,6
B-transport-096,random,2,true,true,617400,58000,5,6
B-transport-096,random,3,true,true,734200,56400,5,6
B-transport-096,random,4,true,true,3129000,81200,5,6
B-transport-096,random,5,true,true,784500,79100,5,6
B-transport-096,random,6,true,true,764900,76400,5,6
B-transport-096,random,7,true,true,702000,72500,5,6
B-transport-096,random,8,true,true,675100,64300,5,6
B-transport-096,random,9,true,true,678600,62600,5,6
B-transport-096,monolithic,0,true,true,239800,126400,1,1
B-transport-096,monolithic,1,true,true,240500,127100,1,1
B-transport-096,monolithic,2,true,true,238500,123900,1,1
B-transport-096,monolithic,3,true,true,238400,125500,1,1
B-transport-096,monolithic,4,true,true,241300,127300,1,1
B-transport-096,monolithic,5,true,true,240800,125800,1,1
B-transport-096,monolithic,6,true,true,236300,122800,1,1
B-transport-096,monolithic,7,true,true,239900,126900,1,1
B-transport-096,monolithic,8,true,true,237700,125300,1,1
B-transport-096,monolithic,9,true,true,237800,124400,1,1
B-transport-097,char1,0,true,true,5575300,279500,39,60
B-transport-097,char1,1,true,true,7821500,1867700,39,60
B-transport-097,char1,2,true,true,5791300,383600,39,60
B-transport-097,char1,3,true,true,6880100,264300,39,60
B-transport-097,char1,4,true,true,5491900,352300,39,60
B-transport-097,char1,5,true,true,5831700,256200,39,60
B-transport-097,char1,6,true,true,5409300,269900,39,60
B-transport-097,char1,7,true,true,4999200,273400,39,60
B-transport-097,char1,8,true,true,6114400,252500,39,60
B-transport-097,char1,9,true,true,6083600,264700,39,60
B-transport-097,char5,0,true,true,1105100,94400,9,12
B-transport-097,char5,1,true,true,1073600,81600,9,12
B-transport-097,char5,2,true,true,1093400,80900,9,12
B-transport-097,char5,3,true,true,1094400,80200,9,12
B-transport-097,char5,4,true,true,1074700,82400,9,12
B-transport-097,char5,5,true,true,1220500,80000,9,12
B-transport-097,char5,6,true,true,1549300,100500,9,12
B-transport-097,char5,7,true,true,1083800,85200,9,12
B-transport-097,char5,8,true,true,1083300,81500,9,12
B-transport-097,char5,9,true,true,1337000,81300,9,12
B-transport-097,random,0,true,true,1097700,78900,6,9
B-transport-097,random,1,true,true,811900,81200,6,9
B-transport-097,random,2,true,true,788400,72600,6,9
B-transport-097,random,3,true,true,791900,71100,6,9
B-transport-097,random,4,true,true,776100,68500,6,9
B-transport-097,random,5,true,true,779900,69100,6,9
B-transport-097,random,6,true,true,782500,70800,6,9
B-transport-097,random,7,true,true,783100,68900,6,9
B-transport-097,random,8,true,true,786000,70500,6,9
B-transport-097,random,9,true,true,776200,70700,6,9
B-transport-097,monolithic,0,true,true,222100,114600,1,1
B-transport-097,monolithic,1,true,true,222600,115200,1,1
B-transport-097,monolithic,2,true,true,218800,115600,1,1
B-transport-097,monolithic,3,true,true,224100,115500,1,1
B-transport-097,monolithic,4,true,true,220100,113900,1,1
B-transport-097,monolithic,5,true,true,1868400,705900,1,1
B-transport-097,monolithic,6,true,true,318900,178500,1,1
B-transport-097,monolithic,7,true,true,247100,129100,1,1
B-transport-097,monolithic,8,true,true,240300,124800,1,1
B-transport-097,monolithic,9,true,true,254300,129300,1,1
B-transport-098,char1,0,true,true,6215800,310900,39,60
B-transport-098,char1,1,true,true,8870600,367000,39,60
B-transport-098,char1,2,true,true,6908700,335700,39,60
B-transport-098,char1,3,true,true,5035000,285700,39,60
B-transport-098,char1,4,true,true,7514400,514500,39,60
B-transport-098,char1,5,true,true,7315200,341600,39,60
B-transport-098,char1,6,true,true,5955800,275300,39,60
B-transport-098,char1,7,true,true,5746500,264000,39,60
B-transport-098,char1,8,true,true,7005600,306100,39,60
B-transport-098,char1,9,true,true,5500300,295600,39,60
B-transport-098,char5,0,true,true,1234200,92000,9,12
B-transport-098,char5,1,true,true,1509000,92400,9,12
B-transport-098,char5,2,true,true,1330400,111500,9,12
B-transport-098,char5,3,true,true,1260600,99300,9,12
B-transport-098,char5,4,true,true,1793100,121700,9,12
B-transport-098,char5,5,true,true,3400100,125200,9,12
B-transport-098,char5,6,true,true,1100400,94700,9,12
B-transport-098,char5,7,true,true,1067700,83000,9,12
B-transport-098,char5,8,true,true,1093900,80300,9,12
B-transport-098,char5,9,true,true,1413300,83000,9,12
B-transport-098,random,0,true,true,983400,128400,7,9
B-transport-098,random,1,true,true,1123300,114400,7,9
B-transport-098,random,2,true,true,990400,118200,7,9
B-transport-098,random,3,true,true,1469600,120300,7,9
B-transport-098,random,4,true,true,1102200,140400,7,9
B-transport-098,random,5,true,true,2763200,133300,7,9
B-transport-098,random,6,true,true,929800,123700,7,9
B-transport-098,random,7,true,true,897000,107000,7,9
B-transport-098,random,8,true,true,883800,102500,7,9
B-transport-098,random,9,true,true,875800,101300,7,9
B-transport-098,monolithic,0,true,true,223100,114200,1,1
B-transport-098,monolithic,1,true,true,220600,116200,1,1
B-transport-098,monolithic,2,true,true,253100,149500,1,1
B-transport-098,monolithic,3,true,true,219800,112500,1,1
B-transport-098,monolithic,4,true,true,221100,114500,1,1
B-transport-098,monolithic,5,true,true,221500,115500,1,1
B-transport-098,monolithic,6,true,true,221400,116400,1,1
B-transport-098,monolithic,7,true,true,219100,113300,1,1
B-transport-098,monolithic,8,true,true,221400,116200,1,1
B-transport-098,monolithic,9,true,true,219200,115100,1,1
B-transport-099,char1,0,true,true,5705100,252400,39,60
B-transport-099,char1,1,true,true,7956300,283200,39,60
B-transport-099,char1,2,true,true,5108100,276100,39,60
B-transport-099,char1,3,true,true,6025400,253500,39,60
B-transport-099,char1,4,true,true,7705900,266800,39,60
B-transport-099,char1,5,true,true,5439800,329100,39,60
B-transport-099,char1,6,true,true,5752100,262700,39,60
B-transport-099,char1,7,true,true,5083600,263800,39,60
B-transport-099,char1,8,true,true,5889400,266800,39,60
B-transport-099,char1,9,true,true,8086000,296800,39,60
B-transport-099,char5,0,true,true,1328900,117400,9,12
B-transport-099,char5,1,true,true,1314900,106000,9,12
B-transport-099,char5,2,true,true,1243900,94300,9,12
B-transport-099,char5,3,true,true,1499700,119200,9,12
B-transport-099,char5,4,true,true,1322000,105700,9,12
B-transport-099,char5,5,true,true,1098600,89000,9,12
B-transport-099,char5,6,true,true,1628000,82800,9,12
B-transport-099,char5,7,true,true,1692900,380200,9,12
B-transport-099,char5,8,true,true,1128400,95300,9,12
B-transport-099,char5,9,true,true,1074900,81200,9,12
B-transport-099,random,0,true,true,1299900,124200,7,9
B-transport-099,random,1,true,true,1422900,328300,7,9
B-transport-099,random,2,true,true,990300,140700,7,9
B-transport-099,random,3,true,true,979100,145300,7,9
B-transport-099,random,4,true,true,1008900,146100,7,9
B-transport-099,random,5,true,true,994100,132400,7,9
B-transport-099,random,6,true,true,1133700,131700,7,9
B-transport-099,random,7,true,true,1415000,133300,7,9
B-transport-099,random,8,true,true,3469200,175800,7,9
B-transport-099,random,9,true,true,1098800,148000,7,9
B-transport-099,monolithic,0,true,true,265400,139800,1,1
B-transport-099,monolithic,1,true,true,259000,136000,1,1
B-transport-099,monolithic,2,true,true,266100,138700,1,1
B-transport-099,monolithic,3,true,true,259200,133000,1,1
B-transport-099,monolithic,4,true,true,260200,136900,1,1
B-transport-099,monolithic,5,true,true,261700,138700,1,1
B-transport-099,monolithic,6,true,true,257600,136800,1,1
B-transport-099,monolithic,7,true,true,262400,135700,1,1
B-transport-099,monolithic,8,true,true,259700,136800,1,1
B-transport-099,monolithic,9,true,true,259600,138300,1,1
